review_text,star_rating,timestamp,clean_text,normalized_text,sentiment,aspects
hp lumayan lah buat harga segini.,3,2026-04-22 17:14:08,hp lumayan lah buat harga segini,hp lumayan lah buat harga segini,Neutral,General
"Mantap, tas kualitasnya original juara.",5,2025-09-29 21:14:08,mantap tas kualitasnya original juara,mantap tas kualitasnya original juara,Positive,Product Quality
"sepatu bgs, packing aman pake bubble wrap.",4,2026-01-12 19:14:08,sepatu bgs packing aman pake bubble wrap,sepatu bagus pengemasan aman pakai bubble wrap,Positive,"Packaging/Condition,Product Quality"
"Kurir lambat, jam tangan hancur pas sampai ga pake bubble wrap.",1,2025-09-28 03:14:08,kurir lambat jam tangan hancur pas sampai ga pake bubble wrap,kurir lambat jam tangan hancur pas sampai tidak pakai bubble wrap,Negative,"Shipping/Delivery,Packaging/Condition"
"Mantap, sepatu kualitasnya original juara.",5,2026-08-31 13:14:08,mantap sepatu kualitasnya original juara,mantap sepatu kualitasnya original juara,Positive,Product Quality
"Pengiriman cepat banget, skincare original.",4,2026-07-03 15:14:08,pengiriman cepat banget skincare original,pengiriman cepat banget skincare original,Positive,"Shipping/Delivery,Product Quality"
"Admin acuh, respon lambat, tas sptnya tiruan.",2,2026-06-24 23:14:08,admin acuh respon lambat tas sptnya tiruan,admin acuh respon lambat tas sptnya tiruan,Negative,"Shipping/Delivery,Product Quality,Customer Service"
"Pengiriman cepat banget, jam tangan original.",5,2026-06-18 07:14:08,pengiriman cepat banget jam tangan original,pengiriman cepat banget jam tangan original,Positive,"Shipping/Delivery,Product Quality"
"Gpp lah, agak lama tapi jam tangan masih utuh.",3,2026-09-08 15:14:08,gpp lah agak lama tapi jam tangan masih utuh,tidak apa-apa lah agak lama tapi jam tangan masih utuh,Neutral,"Shipping/Delivery,Product Quality"
"Pengiriman cepat bgt, tas original.",5,2026-04-26 05:14:08,pengiriman cepat bgt tas original,pengiriman cepat banget tas original,Positive,"Shipping/Delivery,Product Quality"
"Pengiriman cepat banget, sepatu original.",5,2026-02-13 12:14:08,pengiriman cepat banget sepatu original,pengiriman cepat banget sepatu original,Positive,"Shipping/Delivery,Product Quality"
"Admin ramah responnya cepat, baju sesuai deskripsi.",5,2025-10-04 06:14:08,admin ramah responnya cepat baju sesuai deskripsi,admin ramah responnya cepat baju sesuai deskripsi,Positive,"Shipping/Delivery,Customer Service"
"Admin ramah responnya cepat, sepatu sesuai deskripsi.",5,2026-04-17 20:14:08,admin ramah responnya cepat sepatu sesuai deskripsi,admin ramah responnya cepat sepatu sesuai deskripsi,Positive,"Shipping/Delivery,Customer Service"
"Pengiriman cepat bgt, skincare original.",5,2026-03-03 09:14:08,pengiriman cepat bgt skincare original,pengiriman cepat banget skincare original,Positive,"Shipping/Delivery,Product Quality"
"Bagus bgt, kurir juga ramah recommended seller.",5,2026-04-10 20:14:08,bagus bgt kurir juga ramah recommended seller,bagus banget kurir juga ramah recommended seller,Positive,"Shipping/Delivery,Product Quality,Customer Service"
"skincare bgs, packing aman pake bubble wrap.",5,2026-01-18 03:14:08,skincare bgs packing aman pake bubble wrap,skincare bagus pengemasan aman pakai bubble wrap,Positive,"Packaging/Condition,Product Quality"
"sepatu cacat, packing rusak dan bocor.",1,2025-09-29 19:14:08,sepatu cacat packing rusak dan bocor,sepatu cacat pengemasan rusak dan bocor,Negative,"Packaging/Condition,Product Quality"
"Bagus bgt, kurir juga ramah recommended seller.",4,2026-03-18 17:14:08,bagus bgt kurir juga ramah recommended seller,bagus banget kurir juga ramah recommended seller,Positive,"Shipping/Delivery,Product Quality,Customer Service"
"Kurir lambat, sepatu hancur pas sampai ga pake bubble wrap.",1,2026-07-09 16:14:08,kurir lambat sepatu hancur pas sampai ga pake bubble wrap,kurir lambat sepatu hancur pas sampai tidak pakai bubble wrap,Negative,"Shipping/Delivery,Packaging/Condition"
"Bagus bgt, kurir juga ramah recommended seller.",5,2026-08-05 08:14:08,bagus bgt kurir juga ramah recommended seller,bagus banget kurir juga ramah recommended seller,Positive,"Shipping/Delivery,Product Quality,Customer Service"
"Admin ramah responnya cepat, baju sesuai deskripsi.",4,2026-05-02 02:14:08,admin ramah responnya cepat baju sesuai deskripsi,admin ramah responnya cepat baju sesuai deskripsi,Positive,"Shipping/Delivery,Customer Service"
"Pengiriman cepat bgt, sepatu original.",5,2025-12-18 02:14:08,pengiriman cepat bgt sepatu original,pengiriman cepat banget sepatu original,Positive,"Shipping/Delivery,Product Quality"
"Kecewa, tas cacat tdk sesuai gambar.",1,2026-06-07 16:14:08,kecewa tas cacat tdk sesuai gambar,kecewa tas cacat tidak sesuai gambar,Negative,Product Quality
"tas bagus, packing aman pake bubble wrap.",5,2025-12-03 12:14:08,tas bagus packing aman pake bubble wrap,tas bagus pengemasan aman pakai bubble wrap,Positive,"Packaging/Condition,Product Quality"
"Mantap, skincare kualitasnya original juara.",4,2026-07-25 12:14:08,mantap skincare kualitasnya original juara,mantap skincare kualitasnya original juara,Positive,Product Quality
"Sesuai harga, hp cukup oke, admin biasa aja.",3,2026-09-17 08:14:08,sesuai harga hp cukup oke admin biasa aja,sesuai harga hp cukup oke admin biasa aja,Neutral,Customer Service
"Bagus bgt, abang kurir juga ramah recommended seller.",5,2025-11-15 10:14:08,bagus bgt abang kurir juga ramah recommended seller,bagus banget abang kurir juga ramah recommended seller,Positive,"Shipping/Delivery,Product Quality,Customer Service"
"Bagus bgt, abang kurir juga ramah recommended seller.",4,2025-12-09 23:14:08,bagus bgt abang kurir juga ramah recommended seller,bagus banget abang kurir juga ramah recommended seller,Positive,"Shipping/Delivery,Product Quality,Customer Service"
"baju bagus, packing aman pake bubble wrap.",5,2026-02-03 20:14:08,baju bagus packing aman pake bubble wrap,baju bagus pengemasan aman pakai bubble wrap,Positive,"Packaging/Condition,Product Quality"
"hp bgs, packing aman pake bubble wrap.",5,2025-12-15 21:14:08,hp bgs packing aman pake bubble wrap,hp bagus pengemasan aman pakai bubble wrap,Positive,"Packaging/Condition,Product Quality"
"tas bagus, packing aman pake bubble wrap.",5,2025-09-29 08:14:08,tas bagus packing aman pake bubble wrap,tas bagus pengemasan aman pakai bubble wrap,Positive,"Packaging/Condition,Product Quality"
"Gpp lah, agak lama tapi sepatu masih utuh.",3,2026-06-25 22:14:08,gpp lah agak lama tapi sepatu masih utuh,tidak apa-apa lah agak lama tapi sepatu masih utuh,Neutral,"Shipping/Delivery,Product Quality"
"Kurir lambat, jam tangan hancur pas sampai ga pake bubble wrap.",1,2026-08-27 14:14:08,kurir lambat jam tangan hancur pas sampai ga pake bubble wrap,kurir lambat jam tangan hancur pas sampai tidak pakai bubble wrap,Negative,"Shipping/Delivery,Packaging/Condition"
"jam tangan sampai dengan selamat, original sih tapi pengiriman lambat.",3,2025-10-29 01:14:08,jam tangan sampai dengan selamat original sih tapi pengiriman lambat,jam tangan sampai dengan selamat original sih tapi pengiriman lambat,Neutral,"Shipping/Delivery,Product Quality"
"Sesuai harga, hp cukup oke, admin biasa aja.",3,2026-01-09 12:14:08,sesuai harga hp cukup oke admin biasa aja,sesuai harga hp cukup oke admin biasa aja,Neutral,Customer Service
"Mantap, tas kualitasnya original juara.",5,2026-01-06 16:14:08,mantap tas kualitasnya original juara,mantap tas kualitasnya original juara,Positive,Product Quality
"Bagus bgt, kurir juga ramah recommended seller.",4,2026-01-27 05:14:08,bagus bgt kurir juga ramah recommended seller,bagus banget kurir juga ramah recommended seller,Positive,"Shipping/Delivery,Product Quality,Customer Service"
"Mantap, sepatu kualitasnya original juara.",5,2026-02-11 05:14:08,mantap sepatu kualitasnya original juara,mantap sepatu kualitasnya original juara,Positive,Product Quality
"Bagus bgt, kurir juga ramah recommended seller.",5,2026-08-02 14:14:08,bagus bgt kurir juga ramah recommended seller,bagus banget kurir juga ramah recommended seller,Positive,"Shipping/Delivery,Product Quality,Customer Service"
"Mantap, baju kualitasnya original juara.",5,2025-11-30 18:14:08,mantap baju kualitasnya original juara,mantap baju kualitasnya original juara,Positive,Product Quality
"Pengiriman cepat bgt, hp original.",4,2026-01-14 16:14:08,pengiriman cepat bgt hp original,pengiriman cepat banget hp original,Positive,"Shipping/Delivery,Product Quality"
"Pengiriman cepat banget, jam tangan original.",5,2025-12-26 11:14:08,pengiriman cepat banget jam tangan original,pengiriman cepat banget jam tangan original,Positive,"Shipping/Delivery,Product Quality"
"Biasa aja, pengirimannya standar.",3,2025-10-28 00:14:08,biasa aja pengirimannya standar,biasa aja pengiriman standar,Neutral,Shipping/Delivery
"Admin acuh, respon lambat, baju sptnya tiruan.",2,2026-01-05 20:14:08,admin acuh respon lambat baju sptnya tiruan,admin acuh respon lambat baju sptnya tiruan,Negative,"Shipping/Delivery,Product Quality,Customer Service"
baju lumayan lah buat harga segini.,3,2026-07-11 12:14:08,baju lumayan lah buat harga segini,baju lumayan lah buat harga segini,Neutral,General
"skincare bgs, packing aman pake bubble wrap.",5,2026-02-19 08:14:08,skincare bgs packing aman pake bubble wrap,skincare bagus pengemasan aman pakai bubble wrap,Positive,"Packaging/Condition,Product Quality"
"Kecewa, sepatu cacat tdk sesuai gambar.",1,2026-02-07 03:14:08,kecewa sepatu cacat tdk sesuai gambar,kecewa sepatu cacat tidak sesuai gambar,Negative,Product Quality
"sepatu cacat, packing rusak dan bocor.",1,2025-10-02 02:14:08,sepatu cacat packing rusak dan bocor,sepatu cacat pengemasan rusak dan bocor,Negative,"Packaging/Condition,Product Quality"
"sepatu bagus, packing aman pake bubble wrap.",5,2025-11-20 08:14:08,sepatu bagus packing aman pake bubble wrap,sepatu bagus pengemasan aman pakai bubble wrap,Positive,"Packaging/Condition,Product Quality"
"Bagus bgt, kurir juga ramah recommended seller.",5,2025-11-05 08:14:08,bagus bgt kurir juga ramah recommended seller,bagus banget kurir juga ramah recommended seller,Positive,"Shipping/Delivery,Product Quality,Customer Service"
"skincare cacat, packing rusak dan bocor.",2,2026-03-24 08:14:08,skincare cacat packing rusak dan bocor,skincare cacat pengemasan rusak dan bocor,Negative,"Packaging/Condition,Product Quality"
"Admin ramah responnya cepat, sepatu sesuai deskripsi.",5,2026-03-12 04:14:08,admin ramah responnya cepat sepatu sesuai deskripsi,admin ramah responnya cepat sepatu sesuai deskripsi,Positive,"Shipping/Delivery,Customer Service"
"Sesuai harga, hp cukup oke, admin biasa aja.",3,2026-04-02 21:14:08,sesuai harga hp cukup oke admin biasa aja,sesuai harga hp cukup oke admin biasa aja,Neutral,Customer Service
"Admin ramah responnya cepat, jam tangan sesuai deskripsi.",5,2026-06-18 08:14:08,admin ramah responnya cepat jam tangan sesuai deskripsi,admin ramah responnya cepat jam tangan sesuai deskripsi,Positive,"Shipping/Delivery,Customer Service"
tas lumayan lah buat harga segini.,3,2026-05-13 09:14:08,tas lumayan lah buat harga segini,tas lumayan lah buat harga segini,Neutral,General
"Mantap, tas kualitasnya original juara.",4,2025-12-02 19:14:08,mantap tas kualitasnya original juara,mantap tas kualitasnya original juara,Positive,Product Quality
"Mantap, skincare kualitasnya original juara.",4,2025-10-11 08:14:08,mantap skincare kualitasnya original juara,mantap skincare kualitasnya original juara,Positive,Product Quality
"Pengiriman cepat bgt, sepatu original.",5,2026-05-11 03:14:08,pengiriman cepat bgt sepatu original,pengiriman cepat banget sepatu original,Positive,"Shipping/Delivery,Product Quality"
"Biasa aja, pengiriman standar.",3,2026-03-31 20:14:08,biasa aja pengiriman standar,biasa aja pengiriman standar,Neutral,Shipping/Delivery
"Bagus bgt, abang kurir juga ramah recommended seller.",4,2025-11-16 17:14:08,bagus bgt abang kurir juga ramah recommended seller,bagus banget abang kurir juga ramah recommended seller,Positive,"Shipping/Delivery,Product Quality,Customer Service"
"Admin ramah responnya cepat, hp sesuai deskripsi.",5,2025-11-13 23:14:08,admin ramah responnya cepat hp sesuai deskripsi,admin ramah responnya cepat hp sesuai deskripsi,Positive,"Shipping/Delivery,Customer Service"
"Kecewa, tas cacat tidak sesuai gambar.",1,2025-10-11 12:14:08,kecewa tas cacat tidak sesuai gambar,kecewa tas cacat tidak sesuai gambar,Negative,Product Quality
"Pengiriman cepat bgt, skincare original.",4,2026-05-28 01:14:08,pengiriman cepat bgt skincare original,pengiriman cepat banget skincare original,Positive,"Shipping/Delivery,Product Quality"
"Mantap, skincare kualitasnya original juara.",5,2026-07-04 07:14:08,mantap skincare kualitasnya original juara,mantap skincare kualitasnya original juara,Positive,Product Quality
"Mantap, jam tangan kualitasnya original juara.",5,2026-01-30 08:14:08,mantap jam tangan kualitasnya original juara,mantap jam tangan kualitasnya original juara,Positive,Product Quality
"Admin ramah responnya cepat, sepatu sesuai deskripsi.",5,2025-12-23 03:14:08,admin ramah responnya cepat sepatu sesuai deskripsi,admin ramah responnya cepat sepatu sesuai deskripsi,Positive,"Shipping/Delivery,Customer Service"
"Admin ramah responnya cepat, jam tangan sesuai deskripsi.",5,2026-05-01 12:14:08,admin ramah responnya cepat jam tangan sesuai deskripsi,admin ramah responnya cepat jam tangan sesuai deskripsi,Positive,"Shipping/Delivery,Customer Service"
"Admin ramah responnya cepat, tas sesuai deskripsi.",5,2025-12-22 05:14:08,admin ramah responnya cepat tas sesuai deskripsi,admin ramah responnya cepat tas sesuai deskripsi,Positive,"Shipping/Delivery,Customer Service"
"baju bgs, packing aman pake bubble wrap.",5,2026-04-02 23:14:08,baju bgs packing aman pake bubble wrap,baju bagus pengemasan aman pakai bubble wrap,Positive,"Packaging/Condition,Product Quality"
"baju bgs, packing aman pake bubble wrap.",5,2026-04-08 03:14:08,baju bgs packing aman pake bubble wrap,baju bagus pengemasan aman pakai bubble wrap,Positive,"Packaging/Condition,Product Quality"
"Admin ramah responnya cepat, tas sesuai deskripsi.",5,2026-06-08 22:14:08,admin ramah responnya cepat tas sesuai deskripsi,admin ramah responnya cepat tas sesuai deskripsi,Positive,"Shipping/Delivery,Customer Service"
"skincare cacat, packing rusak dan bocor.",2,2026-04-03 12:14:08,skincare cacat packing rusak dan bocor,skincare cacat pengemasan rusak dan bocor,Negative,"Packaging/Condition,Product Quality"
"Pengiriman cepat bgt, baju original.",5,2026-07-04 10:14:08,pengiriman cepat bgt baju original,pengiriman cepat banget baju original,Positive,"Shipping/Delivery,Product Quality"
"Kecewa, hp cacat tdk sesuai gambar.",2,2026-08-20 18:14:08,kecewa hp cacat tdk sesuai gambar,kecewa hp cacat tidak sesuai gambar,Negative,Product Quality
"Kecewa, tas cacat tdk sesuai gambar.",2,2025-12-02 02:14:08,kecewa tas cacat tdk sesuai gambar,kecewa tas cacat tidak sesuai gambar,Negative,Product Quality
"Admin ramah responnya cepat, jam tangan sesuai deskripsi.",5,2025-12-12 02:14:08,admin ramah responnya cepat jam tangan sesuai deskripsi,admin ramah responnya cepat jam tangan sesuai deskripsi,Positive,"Shipping/Delivery,Customer Service"
"Bagus bgt, kurir juga ramah recommended seller.",5,2026-03-18 12:14:08,bagus bgt kurir juga ramah recommended seller,bagus banget kurir juga ramah recommended seller,Positive,"Shipping/Delivery,Product Quality,Customer Service"
"Pengiriman cepat bgt, tas original.",5,2026-01-01 14:14:08,pengiriman cepat bgt tas original,pengiriman cepat banget tas original,Positive,"Shipping/Delivery,Product Quality"
"Sesuai harga, skincare cukup oke, admin biasa aja.",3,2026-01-08 14:14:08,sesuai harga skincare cukup oke admin biasa aja,sesuai harga skincare cukup oke admin biasa aja,Neutral,Customer Service
"Bagus bgt, kurir juga ramah recommended seller.",5,2026-04-20 12:14:08,bagus bgt kurir juga ramah recommended seller,bagus banget kurir juga ramah recommended seller,Positive,"Shipping/Delivery,Product Quality,Customer Service"
"Bagus bgt, abang kurir juga ramah recommended seller.",5,2025-12-26 22:14:08,bagus bgt abang kurir juga ramah recommended seller,bagus banget abang kurir juga ramah recommended seller,Positive,"Shipping/Delivery,Product Quality,Customer Service"
"Bagus bgt, kurir juga ramah recommended seller.",5,2026-07-04 23:14:08,bagus bgt kurir juga ramah recommended seller,bagus banget kurir juga ramah recommended seller,Positive,"Shipping/Delivery,Product Quality,Customer Service"
"Mantap, sepatu kualitasnya original juara.",5,2025-10-20 12:14:08,mantap sepatu kualitasnya original juara,mantap sepatu kualitasnya original juara,Positive,Product Quality
"Pengiriman cepat bgt, skincare original.",5,2026-08-15 05:14:08,pengiriman cepat bgt skincare original,pengiriman cepat banget skincare original,Positive,"Shipping/Delivery,Product Quality"
"Bagus bgt, abang kurir juga ramah recommended seller.",5,2026-09-16 02:14:08,bagus bgt abang kurir juga ramah recommended seller,bagus banget abang kurir juga ramah recommended seller,Positive,"Shipping/Delivery,Product Quality,Customer Service"
"Admin ramah responnya cepat, tas sesuai deskripsi.",4,2025-10-14 03:14:08,admin ramah responnya cepat tas sesuai deskripsi,admin ramah responnya cepat tas sesuai deskripsi,Positive,"Shipping/Delivery,Customer Service"
"Mantap, skincare kualitasnya original juara.",4,2026-01-23 11:14:08,mantap skincare kualitasnya original juara,mantap skincare kualitasnya original juara,Positive,Product Quality
"Kecewa, hp cacat tidak sesuai gambar.",2,2026-02-03 03:14:08,kecewa hp cacat tidak sesuai gambar,kecewa hp cacat tidak sesuai gambar,Negative,Product Quality
"tas bagus, packing aman pake bubble wrap.",4,2026-06-20 20:14:08,tas bagus packing aman pake bubble wrap,tas bagus pengemasan aman pakai bubble wrap,Positive,"Packaging/Condition,Product Quality"
"Biasa aja, pengiriman standar.",3,2026-06-26 17:14:08,biasa aja pengiriman standar,biasa aja pengiriman standar,Neutral,Shipping/Delivery
"Mantap, hp kualitasnya original juara.",5,2025-12-08 09:14:08,mantap hp kualitasnya original juara,mantap hp kualitasnya original juara,Positive,Product Quality
"Gpp lah, agak lama tapi tas masih utuh.",3,2025-11-26 23:14:08,gpp lah agak lama tapi tas masih utuh,tidak apa-apa lah agak lama tapi tas masih utuh,Neutral,"Shipping/Delivery,Product Quality"
"Biasa aja, pengirimannya standar.",3,2026-01-01 00:14:08,biasa aja pengirimannya standar,biasa aja pengiriman standar,Neutral,Shipping/Delivery
"Mantap, skincare kualitasnya original juara.",5,2026-02-27 19:14:08,mantap skincare kualitasnya original juara,mantap skincare kualitasnya original juara,Positive,Product Quality
"Kurir lambat, hp hancur pas sampai ga pake bubble wrap.",2,2025-12-28 00:14:08,kurir lambat hp hancur pas sampai ga pake bubble wrap,kurir lambat hp hancur pas sampai tidak pakai bubble wrap,Negative,"Shipping/Delivery,Packaging/Condition"
baju lumayan lah buat harga segini.,3,2025-12-16 07:14:08,baju lumayan lah buat harga segini,baju lumayan lah buat harga segini,Neutral,General
"tas bagus, packing aman pake bubble wrap.",5,2026-02-24 01:14:08,tas bagus packing aman pake bubble wrap,tas bagus pengemasan aman pakai bubble wrap,Positive,"Packaging/Condition,Product Quality"
jam tangan lumayan lah buat harga segini.,3,2026-07-28 09:14:08,jam tangan lumayan lah buat harga segini,jam tangan lumayan lah buat harga segini,Neutral,General
"Admin acuh, respon lambat, tas sptnya tiruan.",1,2026-01-29 07:14:08,admin acuh respon lambat tas sptnya tiruan,admin acuh respon lambat tas sptnya tiruan,Negative,"Shipping/Delivery,Product Quality,Customer Service"
"Bagus bgt, kurir juga ramah recommended seller.",4,2026-07-27 03:14:08,bagus bgt kurir juga ramah recommended seller,bagus banget kurir juga ramah recommended seller,Positive,"Shipping/Delivery,Product Quality,Customer Service"
"Mantap, skincare kualitasnya original juara.",4,2026-01-28 11:14:08,mantap skincare kualitasnya original juara,mantap skincare kualitasnya original juara,Positive,Product Quality
"Pengirimannya lama bgt, abang kurir lambat, baju penyok.",1,2025-09-29 18:14:08,pengirimannya lama bgt abang kurir lambat baju penyok,pengiriman lama banget abang kurir lambat baju penyok,Negative,"Shipping/Delivery,Packaging/Condition"
"baju bgs, packing aman pake bubble wrap.",4,2026-01-22 10:14:08,baju bgs packing aman pake bubble wrap,baju bagus pengemasan aman pakai bubble wrap,Positive,"Packaging/Condition,Product Quality"
"Pengiriman cepat banget, hp original.",5,2026-02-12 08:14:08,pengiriman cepat banget hp original,pengiriman cepat banget hp original,Positive,"Shipping/Delivery,Product Quality"
sepatu lumayan lah buat harga segini.,3,2026-02-09 12:14:08,sepatu lumayan lah buat harga segini,sepatu lumayan lah buat harga segini,Neutral,General
"Pengirimannya lama banget, kurir lambat, hp penyok.",2,2025-11-30 07:14:08,pengirimannya lama banget kurir lambat hp penyok,pengiriman lama banget kurir lambat hp penyok,Negative,"Shipping/Delivery,Packaging/Condition"
"Admin ramah responnya cepat, jam tangan sesuai deskripsi.",5,2026-02-25 12:14:08,admin ramah responnya cepat jam tangan sesuai deskripsi,admin ramah responnya cepat jam tangan sesuai deskripsi,Positive,"Shipping/Delivery,Customer Service"
"Kurir lambat, jam tangan hancur pas sampai ga pake bubble wrap.",1,2025-10-04 08:14:08,kurir lambat jam tangan hancur pas sampai ga pake bubble wrap,kurir lambat jam tangan hancur pas sampai tidak pakai bubble wrap,Negative,"Shipping/Delivery,Packaging/Condition"
"Kurir lambat, sepatu hancur pas sampai ga pake bubble wrap.",1,2026-02-25 02:14:08,kurir lambat sepatu hancur pas sampai ga pake bubble wrap,kurir lambat sepatu hancur pas sampai tidak pakai bubble wrap,Negative,"Shipping/Delivery,Packaging/Condition"
"Biasa aja, pengirimannya standar.",3,2025-10-07 22:14:08,biasa aja pengirimannya standar,biasa aja pengiriman standar,Neutral,Shipping/Delivery
"Admin ramah responnya cepat, jam tangan sesuai deskripsi.",5,2025-09-20 23:14:08,admin ramah responnya cepat jam tangan sesuai deskripsi,admin ramah responnya cepat jam tangan sesuai deskripsi,Positive,"Shipping/Delivery,Customer Service"
"Mantap, baju kualitasnya original juara.",5,2026-01-01 17:14:08,mantap baju kualitasnya original juara,mantap baju kualitasnya original juara,Positive,Product Quality
"Kecewa, skincare cacat tdk sesuai gambar.",1,2026-05-02 02:14:08,kecewa skincare cacat tdk sesuai gambar,kecewa skincare cacat tidak sesuai gambar,Negative,Product Quality
"Mantap, hp kualitasnya original juara.",5,2026-09-18 11:14:08,mantap hp kualitasnya original juara,mantap hp kualitasnya original juara,Positive,Product Quality
"Mantap, tas kualitasnya original juara.",5,2026-07-28 12:14:08,mantap tas kualitasnya original juara,mantap tas kualitasnya original juara,Positive,Product Quality
"Kecewa, skincare cacat tdk sesuai gambar.",1,2025-11-27 02:14:08,kecewa skincare cacat tdk sesuai gambar,kecewa skincare cacat tidak sesuai gambar,Negative,Product Quality
"Pengiriman cepat bgt, hp original.",5,2025-12-03 22:14:08,pengiriman cepat bgt hp original,pengiriman cepat banget hp original,Positive,"Shipping/Delivery,Product Quality"
"Mantap, hp kualitasnya original juara.",5,2026-02-28 04:14:08,mantap hp kualitasnya original juara,mantap hp kualitasnya original juara,Positive,Product Quality
"Kurir lambat, skincare hancur pas sampai ga pake bubble wrap.",2,2026-01-12 00:14:08,kurir lambat skincare hancur pas sampai ga pake bubble wrap,kurir lambat skincare hancur pas sampai tidak pakai bubble wrap,Negative,"Shipping/Delivery,Packaging/Condition"
"Bagus bgt, abang kurir juga ramah recommended seller.",5,2026-08-08 05:14:08,bagus bgt abang kurir juga ramah recommended seller,bagus banget abang kurir juga ramah recommended seller,Positive,"Shipping/Delivery,Product Quality,Customer Service"
"hp bgs, packing aman pake bubble wrap.",4,2026-04-26 10:14:08,hp bgs packing aman pake bubble wrap,hp bagus pengemasan aman pakai bubble wrap,Positive,"Packaging/Condition,Product Quality"
"Mantap, tas kualitasnya original juara.",4,2026-08-12 23:14:08,mantap tas kualitasnya original juara,mantap tas kualitasnya original juara,Positive,Product Quality
"Pengirimannya lama bgt, abang kurir lambat, skincare penyok.",2,2025-10-08 17:14:08,pengirimannya lama bgt abang kurir lambat skincare penyok,pengiriman lama banget abang kurir lambat skincare penyok,Negative,"Shipping/Delivery,Packaging/Condition"
"Bagus bgt, kurir juga ramah recommended seller.",4,2026-03-19 13:14:08,bagus bgt kurir juga ramah recommended seller,bagus banget kurir juga ramah recommended seller,Positive,"Shipping/Delivery,Product Quality,Customer Service"
"Bagus bgt, kurir juga ramah recommended seller.",4,2026-01-27 14:14:08,bagus bgt kurir juga ramah recommended seller,bagus banget kurir juga ramah recommended seller,Positive,"Shipping/Delivery,Product Quality,Customer Service"
"Kurir lambat, baju hancur pas sampai ga pake bubble wrap.",1,2026-08-30 13:14:08,kurir lambat baju hancur pas sampai ga pake bubble wrap,kurir lambat baju hancur pas sampai tidak pakai bubble wrap,Negative,"Shipping/Delivery,Packaging/Condition"
"Bagus bgt, abang kurir juga ramah recommended seller.",5,2026-03-14 02:14:08,bagus bgt abang kurir juga ramah recommended seller,bagus banget abang kurir juga ramah recommended seller,Positive,"Shipping/Delivery,Product Quality,Customer Service"
"Mantap, tas kualitasnya original juara.",4,2026-04-22 11:14:08,mantap tas kualitasnya original juara,mantap tas kualitasnya original juara,Positive,Product Quality
"tas bagus, packing aman pake bubble wrap.",5,2025-10-24 15:14:08,tas bagus packing aman pake bubble wrap,tas bagus pengemasan aman pakai bubble wrap,Positive,"Packaging/Condition,Product Quality"
"sepatu cacat, packing rusak dan bocor.",2,2026-08-06 12:14:08,sepatu cacat packing rusak dan bocor,sepatu cacat pengemasan rusak dan bocor,Negative,"Packaging/Condition,Product Quality"
"Biasa aja, pengiriman standar.",3,2026-04-18 02:14:08,biasa aja pengiriman standar,biasa aja pengiriman standar,Neutral,Shipping/Delivery
"Biasa aja, pengirimannya standar.",3,2026-09-18 23:14:08,biasa aja pengirimannya standar,biasa aja pengiriman standar,Neutral,Shipping/Delivery
"skincare cacat, packing rusak dan bocor.",1,2026-01-18 22:14:08,skincare cacat packing rusak dan bocor,skincare cacat pengemasan rusak dan bocor,Negative,"Packaging/Condition,Product Quality"
"Biasa aja, pengiriman standar.",3,2025-12-24 05:14:08,biasa aja pengiriman standar,biasa aja pengiriman standar,Neutral,Shipping/Delivery
"Admin ramah responnya cepat, tas sesuai deskripsi.",5,2026-04-29 16:14:08,admin ramah responnya cepat tas sesuai deskripsi,admin ramah responnya cepat tas sesuai deskripsi,Positive,"Shipping/Delivery,Customer Service"
"Pengirimannya lama banget, kurir lambat, tas penyok.",1,2026-08-09 11:14:08,pengirimannya lama banget kurir lambat tas penyok,pengiriman lama banget kurir lambat tas penyok,Negative,"Shipping/Delivery,Packaging/Condition"
"Mantap, jam tangan kualitasnya original juara.",4,2026-01-26 01:14:08,mantap jam tangan kualitasnya original juara,mantap jam tangan kualitasnya original juara,Positive,Product Quality
"Pengiriman cepat bgt, baju original.",5,2026-03-10 21:14:08,pengiriman cepat bgt baju original,pengiriman cepat banget baju original,Positive,"Shipping/Delivery,Product Quality"
"Pengiriman cepat banget, sepatu original.",4,2025-12-30 13:14:08,pengiriman cepat banget sepatu original,pengiriman cepat banget sepatu original,Positive,"Shipping/Delivery,Product Quality"
"Mantap, jam tangan kualitasnya original juara.",5,2025-12-25 06:14:08,mantap jam tangan kualitasnya original juara,mantap jam tangan kualitasnya original juara,Positive,Product Quality
"Sesuai harga, jam tangan cukup oke, admin biasa aja.",3,2025-09-20 02:14:08,sesuai harga jam tangan cukup oke admin biasa aja,sesuai harga jam tangan cukup oke admin biasa aja,Neutral,Customer Service
"sepatu cacat, packing rusak dan bocor.",2,2026-07-01 08:14:08,sepatu cacat packing rusak dan bocor,sepatu cacat pengemasan rusak dan bocor,Negative,"Packaging/Condition,Product Quality"
"Bagus bgt, kurir juga ramah recommended seller.",5,2026-02-26 01:14:08,bagus bgt kurir juga ramah recommended seller,bagus banget kurir juga ramah recommended seller,Positive,"Shipping/Delivery,Product Quality,Customer Service"
"Bagus bgt, kurir juga ramah recommended seller.",5,2025-12-09 01:14:08,bagus bgt kurir juga ramah recommended seller,bagus banget kurir juga ramah recommended seller,Positive,"Shipping/Delivery,Product Quality,Customer Service"
"Admin ramah responnya cepat, tas sesuai deskripsi.",4,2026-03-30 12:14:08,admin ramah responnya cepat tas sesuai deskripsi,admin ramah responnya cepat tas sesuai deskripsi,Positive,"Shipping/Delivery,Customer Service"
"Pengiriman cepat banget, jam tangan original.",4,2025-12-30 19:14:08,pengiriman cepat banget jam tangan original,pengiriman cepat banget jam tangan original,Positive,"Shipping/Delivery,Product Quality"
"Kurir lambat, tas hancur pas sampai ga pake bubble wrap.",2,2026-03-01 05:14:08,kurir lambat tas hancur pas sampai ga pake bubble wrap,kurir lambat tas hancur pas sampai tidak pakai bubble wrap,Negative,"Shipping/Delivery,Packaging/Condition"
"baju sampai dengan selamat, original sih tapi pengirimannya lambat.",3,2026-08-09 02:14:08,baju sampai dengan selamat original sih tapi pengirimannya lambat,baju sampai dengan selamat original sih tapi pengiriman lambat,Neutral,"Shipping/Delivery,Product Quality"
"Bagus bgt, abang kurir juga ramah recommended seller.",5,2026-06-28 03:14:08,bagus bgt abang kurir juga ramah recommended seller,bagus banget abang kurir juga ramah recommended seller,Positive,"Shipping/Delivery,Product Quality,Customer Service"
"jam tangan bgs, packing aman pake bubble wrap.",4,2026-04-25 09:14:08,jam tangan bgs packing aman pake bubble wrap,jam tangan bagus pengemasan aman pakai bubble wrap,Positive,"Packaging/Condition,Product Quality"
"Kecewa, skincare cacat tdk sesuai gambar.",1,2026-05-09 05:14:08,kecewa skincare cacat tdk sesuai gambar,kecewa skincare cacat tidak sesuai gambar,Negative,Product Quality
"Gpp lah, agak lama tapi jam tangan masih utuh.",3,2026-08-19 14:14:08,gpp lah agak lama tapi jam tangan masih utuh,tidak apa-apa lah agak lama tapi jam tangan masih utuh,Neutral,"Shipping/Delivery,Product Quality"
"Sesuai harga, sepatu cukup oke, admin biasa aja.",3,2026-01-13 18:14:08,sesuai harga sepatu cukup oke admin biasa aja,sesuai harga sepatu cukup oke admin biasa aja,Neutral,Customer Service
"Mantap, tas kualitasnya original juara.",5,2026-07-26 07:14:08,mantap tas kualitasnya original juara,mantap tas kualitasnya original juara,Positive,Product Quality
"sepatu sampai dengan selamat, original sih tapi pengirimannya lambat.",3,2025-12-12 17:14:08,sepatu sampai dengan selamat original sih tapi pengirimannya lambat,sepatu sampai dengan selamat original sih tapi pengiriman lambat,Neutral,"Shipping/Delivery,Product Quality"
"Pengiriman cepat banget, tas original.",5,2026-08-23 11:14:08,pengiriman cepat banget tas original,pengiriman cepat banget tas original,Positive,"Shipping/Delivery,Product Quality"
"Mantap, baju kualitasnya original juara.",5,2025-09-28 11:14:08,mantap baju kualitasnya original juara,mantap baju kualitasnya original juara,Positive,Product Quality
"Pengiriman cepat bgt, skincare original.",4,2026-07-06 02:14:08,pengiriman cepat bgt skincare original,pengiriman cepat banget skincare original,Positive,"Shipping/Delivery,Product Quality"
"Pengiriman cepat banget, tas original.",5,2026-04-19 07:14:08,pengiriman cepat banget tas original,pengiriman cepat banget tas original,Positive,"Shipping/Delivery,Product Quality"
"Admin ramah responnya cepat, tas sesuai deskripsi.",5,2026-07-21 11:14:08,admin ramah responnya cepat tas sesuai deskripsi,admin ramah responnya cepat tas sesuai deskripsi,Positive,"Shipping/Delivery,Customer Service"
"Admin acuh, respon lambat, baju sepertinya tiruan.",1,2026-04-30 00:14:08,admin acuh respon lambat baju sepertinya tiruan,admin acuh respon lambat baju sepertinya tiruan,Negative,"Shipping/Delivery,Product Quality,Customer Service"
"Bagus bgt, abang kurir juga ramah recommended seller.",5,2026-08-25 16:14:08,bagus bgt abang kurir juga ramah recommended seller,bagus banget abang kurir juga ramah recommended seller,Positive,"Shipping/Delivery,Product Quality,Customer Service"
"tas bgs, packing aman pake bubble wrap.",5,2025-10-16 12:14:08,tas bgs packing aman pake bubble wrap,tas bagus pengemasan aman pakai bubble wrap,Positive,"Packaging/Condition,Product Quality"
"Admin ramah responnya cepat, skincare sesuai deskripsi.",4,2026-09-19 19:14:08,admin ramah responnya cepat skincare sesuai deskripsi,admin ramah responnya cepat skincare sesuai deskripsi,Positive,"Shipping/Delivery,Customer Service"
"Biasa aja, pengiriman standar.",3,2026-06-26 10:14:08,biasa aja pengiriman standar,biasa aja pengiriman standar,Neutral,Shipping/Delivery
"Admin acuh, respon lambat, skincare sepertinya tiruan.",1,2025-10-12 08:14:08,admin acuh respon lambat skincare sepertinya tiruan,admin acuh respon lambat skincare sepertinya tiruan,Negative,"Shipping/Delivery,Product Quality,Customer Service"
"Mantap, hp kualitasnya original juara.",4,2026-04-27 13:14:08,mantap hp kualitasnya original juara,mantap hp kualitasnya original juara,Positive,Product Quality
"Bagus bgt, kurir juga ramah recommended seller.",5,2026-02-19 06:14:08,bagus bgt kurir juga ramah recommended seller,bagus banget kurir juga ramah recommended seller,Positive,"Shipping/Delivery,Product Quality,Customer Service"
"Bagus bgt, kurir juga ramah recommended seller.",4,2025-12-12 06:14:08,bagus bgt kurir juga ramah recommended seller,bagus banget kurir juga ramah recommended seller,Positive,"Shipping/Delivery,Product Quality,Customer Service"
"Mantap, tas kualitasnya original juara.",5,2025-10-22 22:14:08,mantap tas kualitasnya original juara,mantap tas kualitasnya original juara,Positive,Product Quality
"Pengiriman cepat bgt, hp original.",4,2025-12-20 18:14:08,pengiriman cepat bgt hp original,pengiriman cepat banget hp original,Positive,"Shipping/Delivery,Product Quality"
"baju bgs, packing aman pake bubble wrap.",5,2026-04-18 03:14:08,baju bgs packing aman pake bubble wrap,baju bagus pengemasan aman pakai bubble wrap,Positive,"Packaging/Condition,Product Quality"
"Bagus bgt, kurir juga ramah recommended seller.",4,2026-06-09 12:14:08,bagus bgt kurir juga ramah recommended seller,bagus banget kurir juga ramah recommended seller,Positive,"Shipping/Delivery,Product Quality,Customer Service"
"Pengirimannya lama banget, kurir lambat, baju penyok.",2,2026-02-07 15:14:08,pengirimannya lama banget kurir lambat baju penyok,pengiriman lama banget kurir lambat baju penyok,Negative,"Shipping/Delivery,Packaging/Condition"
"Bagus bgt, kurir juga ramah recommended seller.",5,2025-11-04 11:14:08,bagus bgt kurir juga ramah recommended seller,bagus banget kurir juga ramah recommended seller,Positive,"Shipping/Delivery,Product Quality,Customer Service"
"tas bgs, packing aman pake bubble wrap.",4,2026-09-06 21:14:08,tas bgs packing aman pake bubble wrap,tas bagus pengemasan aman pakai bubble wrap,Positive,"Packaging/Condition,Product Quality"
"Admin ramah responnya cepat, sepatu sesuai deskripsi.",4,2025-12-29 17:14:08,admin ramah responnya cepat sepatu sesuai deskripsi,admin ramah responnya cepat sepatu sesuai deskripsi,Positive,"Shipping/Delivery,Customer Service"
"Bagus bgt, abang kurir juga ramah recommended seller.",5,2026-04-22 17:14:08,bagus bgt abang kurir juga ramah recommended seller,bagus banget abang kurir juga ramah recommended seller,Positive,"Shipping/Delivery,Product Quality,Customer Service"
"Pengiriman cepat banget, jam tangan original.",4,2026-03-02 21:14:08,pengiriman cepat banget jam tangan original,pengiriman cepat banget jam tangan original,Positive,"Shipping/Delivery,Product Quality"
"Mantap, sepatu kualitasnya original juara.",5,2025-12-07 08:14:08,mantap sepatu kualitasnya original juara,mantap sepatu kualitasnya original juara,Positive,Product Quality
"Admin ramah responnya cepat, sepatu sesuai deskripsi.",4,2026-07-06 08:14:08,admin ramah responnya cepat sepatu sesuai deskripsi,admin ramah responnya cepat sepatu sesuai deskripsi,Positive,"Shipping/Delivery,Customer Service"
"Pengiriman cepat bgt, tas original.",4,2026-04-24 23:14:08,pengiriman cepat bgt tas original,pengiriman cepat banget tas original,Positive,"Shipping/Delivery,Product Quality"
"Pengirimannya lama bgt, abang kurir lambat, hp penyok.",2,2025-10-05 07:14:08,pengirimannya lama bgt abang kurir lambat hp penyok,pengiriman lama banget abang kurir lambat hp penyok,Negative,"Shipping/Delivery,Packaging/Condition"
"Mantap, jam tangan kualitasnya original juara.",4,2025-10-08 00:14:08,mantap jam tangan kualitasnya original juara,mantap jam tangan kualitasnya original juara,Positive,Product Quality
"Admin acuh, respon lambat, skincare sptnya tiruan.",2,2026-03-31 23:14:08,admin acuh respon lambat skincare sptnya tiruan,admin acuh respon lambat skincare sptnya tiruan,Negative,"Shipping/Delivery,Product Quality,Customer Service"
"Pengiriman cepat banget, tas original.",5,2026-07-19 21:14:08,pengiriman cepat banget tas original,pengiriman cepat banget tas original,Positive,"Shipping/Delivery,Product Quality"
"Gpp lah, agak lama tapi skincare masih utuh.",3,2026-02-16 09:14:08,gpp lah agak lama tapi skincare masih utuh,tidak apa-apa lah agak lama tapi skincare masih utuh,Neutral,"Shipping/Delivery,Product Quality"
"Pengiriman cepat bgt, baju original.",5,2026-05-23 20:14:08,pengiriman cepat bgt baju original,pengiriman cepat banget baju original,Positive,"Shipping/Delivery,Product Quality"
"Bagus bgt, kurir juga ramah recommended seller.",5,2026-03-19 14:14:08,bagus bgt kurir juga ramah recommended seller,bagus banget kurir juga ramah recommended seller,Positive,"Shipping/Delivery,Product Quality,Customer Service"
"Pengiriman cepat banget, sepatu original.",5,2026-05-18 04:14:08,pengiriman cepat banget sepatu original,pengiriman cepat banget sepatu original,Positive,"Shipping/Delivery,Product Quality"
"Bagus bgt, kurir juga ramah recommended seller.",4,2026-05-11 05:14:08,bagus bgt kurir juga ramah recommended seller,bagus banget kurir juga ramah recommended seller,Positive,"Shipping/Delivery,Product Quality,Customer Service"
"Bagus bgt, kurir juga ramah recommended seller.",5,2026-01-26 11:14:08,bagus bgt kurir juga ramah recommended seller,bagus banget kurir juga ramah recommended seller,Positive,"Shipping/Delivery,Product Quality,Customer Service"
"Bagus bgt, kurir juga ramah recommended seller.",5,2026-07-16 01:14:08,bagus bgt kurir juga ramah recommended seller,bagus banget kurir juga ramah recommended seller,Positive,"Shipping/Delivery,Product Quality,Customer Service"
"Admin ramah responnya cepat, sepatu sesuai deskripsi.",4,2025-10-17 18:14:08,admin ramah responnya cepat sepatu sesuai deskripsi,admin ramah responnya cepat sepatu sesuai deskripsi,Positive,"Shipping/Delivery,Customer Service"
"Pengirimannya lama banget, kurir lambat, hp penyok.",1,2026-02-01 15:14:08,pengirimannya lama banget kurir lambat hp penyok,pengiriman lama banget kurir lambat hp penyok,Negative,"Shipping/Delivery,Packaging/Condition"
"hp cacat, packing rusak dan bocor.",2,2025-12-18 00:14:08,hp cacat packing rusak dan bocor,hp cacat pengemasan rusak dan bocor,Negative,"Packaging/Condition,Product Quality"
"Kurir lambat, hp hancur pas sampai ga pake bubble wrap.",1,2026-08-22 12:14:08,kurir lambat hp hancur pas sampai ga pake bubble wrap,kurir lambat hp hancur pas sampai tidak pakai bubble wrap,Negative,"Shipping/Delivery,Packaging/Condition"
"Kecewa, hp cacat tdk sesuai gambar.",1,2026-04-24 12:14:08,kecewa hp cacat tdk sesuai gambar,kecewa hp cacat tidak sesuai gambar,Negative,Product Quality
"Bagus bgt, abang kurir juga ramah recommended seller.",5,2026-07-24 19:14:08,bagus bgt abang kurir juga ramah recommended seller,bagus banget abang kurir juga ramah recommended seller,Positive,"Shipping/Delivery,Product Quality,Customer Service"
"Pengirimannya lama banget, kurir lambat, jam tangan penyok.",1,2026-05-06 03:14:08,pengirimannya lama banget kurir lambat jam tangan penyok,pengiriman lama banget kurir lambat jam tangan penyok,Negative,"Shipping/Delivery,Packaging/Condition"
"Pengiriman cepat bgt, hp original.",5,2026-07-04 02:14:08,pengiriman cepat bgt hp original,pengiriman cepat banget hp original,Positive,"Shipping/Delivery,Product Quality"
"Mantap, sepatu kualitasnya original juara.",5,2025-10-18 15:14:08,mantap sepatu kualitasnya original juara,mantap sepatu kualitasnya original juara,Positive,Product Quality
"hp sampai dengan selamat, original sih tapi pengiriman lambat.",3,2025-10-05 09:14:08,hp sampai dengan selamat original sih tapi pengiriman lambat,hp sampai dengan selamat original sih tapi pengiriman lambat,Neutral,"Shipping/Delivery,Product Quality"
"Gpp lah, agak lama tapi hp masih utuh.",3,2026-03-13 07:14:08,gpp lah agak lama tapi hp masih utuh,tidak apa-apa lah agak lama tapi hp masih utuh,Neutral,"Shipping/Delivery,Product Quality"
"Sesuai harga, tas cukup oke, admin biasa aja.",3,2025-10-06 01:14:08,sesuai harga tas cukup oke admin biasa aja,sesuai harga tas cukup oke admin biasa aja,Neutral,Customer Service
"tas sampai dengan selamat, original sih tapi pengirimannya lambat.",3,2026-07-05 04:14:08,tas sampai dengan selamat original sih tapi pengirimannya lambat,tas sampai dengan selamat original sih tapi pengiriman lambat,Neutral,"Shipping/Delivery,Product Quality"
"Kecewa, sepatu cacat tdk sesuai gambar.",1,2026-04-29 04:14:08,kecewa sepatu cacat tdk sesuai gambar,kecewa sepatu cacat tidak sesuai gambar,Negative,Product Quality
"jam tangan bagus, packing aman pake bubble wrap.",4,2026-07-27 05:14:08,jam tangan bagus packing aman pake bubble wrap,jam tangan bagus pengemasan aman pakai bubble wrap,Positive,"Packaging/Condition,Product Quality"
hp lumayan lah buat harga segini.,3,2026-01-21 19:14:08,hp lumayan lah buat harga segini,hp lumayan lah buat harga segini,Neutral,General
"Mantap, hp kualitasnya original juara.",4,2026-04-21 02:14:08,mantap hp kualitasnya original juara,mantap hp kualitasnya original juara,Positive,Product Quality
"Bagus bgt, kurir juga ramah recommended seller.",5,2026-04-25 07:14:08,bagus bgt kurir juga ramah recommended seller,bagus banget kurir juga ramah recommended seller,Positive,"Shipping/Delivery,Product Quality,Customer Service"
"Pengirimannya lama banget, kurir lambat, jam tangan penyok.",1,2026-08-18 15:14:08,pengirimannya lama banget kurir lambat jam tangan penyok,pengiriman lama banget kurir lambat jam tangan penyok,Negative,"Shipping/Delivery,Packaging/Condition"
"Bagus bgt, abang kurir juga ramah recommended seller.",5,2025-11-08 12:14:08,bagus bgt abang kurir juga ramah recommended seller,bagus banget abang kurir juga ramah recommended seller,Positive,"Shipping/Delivery,Product Quality,Customer Service"
"jam tangan bagus, packing aman pake bubble wrap.",5,2026-02-16 20:14:08,jam tangan bagus packing aman pake bubble wrap,jam tangan bagus pengemasan aman pakai bubble wrap,Positive,"Packaging/Condition,Product Quality"
"Kurir lambat, jam tangan hancur pas sampai ga pake bubble wrap.",1,2026-07-29 07:14:08,kurir lambat jam tangan hancur pas sampai ga pake bubble wrap,kurir lambat jam tangan hancur pas sampai tidak pakai bubble wrap,Negative,"Shipping/Delivery,Packaging/Condition"
"Pengirimannya lama bgt, abang kurir lambat, baju penyok.",2,2026-05-20 16:14:08,pengirimannya lama bgt abang kurir lambat baju penyok,pengiriman lama banget abang kurir lambat baju penyok,Negative,"Shipping/Delivery,Packaging/Condition"
"Admin ramah responnya cepat, tas sesuai deskripsi.",5,2026-08-14 09:14:08,admin ramah responnya cepat tas sesuai deskripsi,admin ramah responnya cepat tas sesuai deskripsi,Positive,"Shipping/Delivery,Customer Service"
"Sesuai harga, skincare cukup oke, admin biasa aja.",3,2026-01-14 22:14:08,sesuai harga skincare cukup oke admin biasa aja,sesuai harga skincare cukup oke admin biasa aja,Neutral,Customer Service
"jam tangan bgs, packing aman pake bubble wrap.",5,2026-05-31 17:14:08,jam tangan bgs packing aman pake bubble wrap,jam tangan bagus pengemasan aman pakai bubble wrap,Positive,"Packaging/Condition,Product Quality"
sepatu lumayan lah buat harga segini.,3,2026-01-09 19:14:08,sepatu lumayan lah buat harga segini,sepatu lumayan lah buat harga segini,Neutral,General
"Admin ramah responnya cepat, sepatu sesuai deskripsi.",4,2026-05-28 04:14:08,admin ramah responnya cepat sepatu sesuai deskripsi,admin ramah responnya cepat sepatu sesuai deskripsi,Positive,"Shipping/Delivery,Customer Service"
"hp cacat, packing rusak dan bocor.",1,2026-08-17 11:14:08,hp cacat packing rusak dan bocor,hp cacat pengemasan rusak dan bocor,Negative,"Packaging/Condition,Product Quality"
"tas bagus, packing aman pake bubble wrap.",5,2025-11-26 17:14:08,tas bagus packing aman pake bubble wrap,tas bagus pengemasan aman pakai bubble wrap,Positive,"Packaging/Condition,Product Quality"
"Mantap, jam tangan kualitasnya original juara.",5,2026-05-29 14:14:08,mantap jam tangan kualitasnya original juara,mantap jam tangan kualitasnya original juara,Positive,Product Quality
"Pengiriman cepat bgt, skincare original.",5,2026-05-07 20:14:08,pengiriman cepat bgt skincare original,pengiriman cepat banget skincare original,Positive,"Shipping/Delivery,Product Quality"
"Admin ramah responnya cepat, jam tangan sesuai deskripsi.",5,2025-11-12 10:14:08,admin ramah responnya cepat jam tangan sesuai deskripsi,admin ramah responnya cepat jam tangan sesuai deskripsi,Positive,"Shipping/Delivery,Customer Service"
"Admin acuh, respon lambat, hp sptnya tiruan.",1,2026-04-20 05:14:08,admin acuh respon lambat hp sptnya tiruan,admin acuh respon lambat hp sptnya tiruan,Negative,"Shipping/Delivery,Product Quality,Customer Service"
"Bagus bgt, kurir juga ramah recommended seller.",5,2026-03-04 20:14:08,bagus bgt kurir juga ramah recommended seller,bagus banget kurir juga ramah recommended seller,Positive,"Shipping/Delivery,Product Quality,Customer Service"
"Admin acuh, respon lambat, jam tangan sepertinya tiruan.",2,2026-06-03 15:14:08,admin acuh respon lambat jam tangan sepertinya tiruan,admin acuh respon lambat jam tangan sepertinya tiruan,Negative,"Shipping/Delivery,Product Quality,Customer Service"
"tas bagus, packing aman pake bubble wrap.",5,2025-10-15 19:14:08,tas bagus packing aman pake bubble wrap,tas bagus pengemasan aman pakai bubble wrap,Positive,"Packaging/Condition,Product Quality"
"Admin ramah responnya cepat, hp sesuai deskripsi.",5,2026-08-05 21:14:08,admin ramah responnya cepat hp sesuai deskripsi,admin ramah responnya cepat hp sesuai deskripsi,Positive,"Shipping/Delivery,Customer Service"
"Admin acuh, respon lambat, sepatu sptnya tiruan.",1,2025-12-14 12:14:08,admin acuh respon lambat sepatu sptnya tiruan,admin acuh respon lambat sepatu sptnya tiruan,Negative,"Shipping/Delivery,Product Quality,Customer Service"
"sepatu bgs, packing aman pake bubble wrap.",4,2026-07-24 13:14:08,sepatu bgs packing aman pake bubble wrap,sepatu bagus pengemasan aman pakai bubble wrap,Positive,"Packaging/Condition,Product Quality"
"hp bagus, packing aman pake bubble wrap.",5,2025-11-19 02:14:08,hp bagus packing aman pake bubble wrap,hp bagus pengemasan aman pakai bubble wrap,Positive,"Packaging/Condition,Product Quality"
"Admin acuh, respon lambat, skincare sptnya tiruan.",2,2026-05-04 03:14:08,admin acuh respon lambat skincare sptnya tiruan,admin acuh respon lambat skincare sptnya tiruan,Negative,"Shipping/Delivery,Product Quality,Customer Service"
"tas bagus, packing aman pake bubble wrap.",4,2026-03-03 04:14:08,tas bagus packing aman pake bubble wrap,tas bagus pengemasan aman pakai bubble wrap,Positive,"Packaging/Condition,Product Quality"
"Admin ramah responnya cepat, tas sesuai deskripsi.",5,2025-12-18 03:14:08,admin ramah responnya cepat tas sesuai deskripsi,admin ramah responnya cepat tas sesuai deskripsi,Positive,"Shipping/Delivery,Customer Service"
"Pengiriman cepat bgt, tas original.",4,2026-01-25 07:14:08,pengiriman cepat bgt tas original,pengiriman cepat banget tas original,Positive,"Shipping/Delivery,Product Quality"
"Bagus bgt, abang kurir juga ramah recommended seller.",5,2025-11-18 08:14:08,bagus bgt abang kurir juga ramah recommended seller,bagus banget abang kurir juga ramah recommended seller,Positive,"Shipping/Delivery,Product Quality,Customer Service"
"Mantap, skincare kualitasnya original juara.",4,2026-03-21 14:14:08,mantap skincare kualitasnya original juara,mantap skincare kualitasnya original juara,Positive,Product Quality
"Gpp lah, agak lama tapi sepatu masih utuh.",3,2026-03-30 06:14:08,gpp lah agak lama tapi sepatu masih utuh,tidak apa-apa lah agak lama tapi sepatu masih utuh,Neutral,"Shipping/Delivery,Product Quality"
"Mantap, sepatu kualitasnya original juara.",5,2025-12-05 21:14:08,mantap sepatu kualitasnya original juara,mantap sepatu kualitasnya original juara,Positive,Product Quality
"skincare cacat, packing rusak dan bocor.",2,2026-08-21 02:14:08,skincare cacat packing rusak dan bocor,skincare cacat pengemasan rusak dan bocor,Negative,"Packaging/Condition,Product Quality"
"Mantap, hp kualitasnya original juara.",5,2026-06-23 05:14:08,mantap hp kualitasnya original juara,mantap hp kualitasnya original juara,Positive,Product Quality
"tas cacat, packing rusak dan bocor.",1,2026-05-30 04:14:08,tas cacat packing rusak dan bocor,tas cacat pengemasan rusak dan bocor,Negative,"Packaging/Condition,Product Quality"
"skincare bagus, packing aman pake bubble wrap.",5,2026-01-23 02:14:08,skincare bagus packing aman pake bubble wrap,skincare bagus pengemasan aman pakai bubble wrap,Positive,"Packaging/Condition,Product Quality"
"Admin acuh, respon lambat, baju sptnya tiruan.",2,2026-03-19 18:14:08,admin acuh respon lambat baju sptnya tiruan,admin acuh respon lambat baju sptnya tiruan,Negative,"Shipping/Delivery,Product Quality,Customer Service"
"Pengiriman cepat bgt, jam tangan original.",5,2026-07-18 02:14:08,pengiriman cepat bgt jam tangan original,pengiriman cepat banget jam tangan original,Positive,"Shipping/Delivery,Product Quality"
"Admin ramah responnya cepat, tas sesuai deskripsi.",4,2026-09-11 02:14:08,admin ramah responnya cepat tas sesuai deskripsi,admin ramah responnya cepat tas sesuai deskripsi,Positive,"Shipping/Delivery,Customer Service"
"Pengiriman cepat bgt, tas original.",4,2026-02-12 23:14:08,pengiriman cepat bgt tas original,pengiriman cepat banget tas original,Positive,"Shipping/Delivery,Product Quality"
"Biasa aja, pengiriman standar.",3,2026-02-19 12:14:08,biasa aja pengiriman standar,biasa aja pengiriman standar,Neutral,Shipping/Delivery
"Admin acuh, respon lambat, hp sepertinya tiruan.",1,2025-12-16 10:14:08,admin acuh respon lambat hp sepertinya tiruan,admin acuh respon lambat hp sepertinya tiruan,Negative,"Shipping/Delivery,Product Quality,Customer Service"
"Mantap, hp kualitasnya original juara.",5,2025-10-25 20:14:08,mantap hp kualitasnya original juara,mantap hp kualitasnya original juara,Positive,Product Quality
"Admin acuh, respon lambat, jam tangan sptnya tiruan.",1,2025-12-22 16:14:08,admin acuh respon lambat jam tangan sptnya tiruan,admin acuh respon lambat jam tangan sptnya tiruan,Negative,"Shipping/Delivery,Product Quality,Customer Service"
"Kurir lambat, jam tangan hancur pas sampai ga pake bubble wrap.",2,2026-05-24 22:14:08,kurir lambat jam tangan hancur pas sampai ga pake bubble wrap,kurir lambat jam tangan hancur pas sampai tidak pakai bubble wrap,Negative,"Shipping/Delivery,Packaging/Condition"
"Pengiriman cepat banget, skincare original.",5,2026-02-14 21:14:08,pengiriman cepat banget skincare original,pengiriman cepat banget skincare original,Positive,"Shipping/Delivery,Product Quality"
"Bagus bgt, abang kurir juga ramah recommended seller.",5,2026-02-24 01:14:08,bagus bgt abang kurir juga ramah recommended seller,bagus banget abang kurir juga ramah recommended seller,Positive,"Shipping/Delivery,Product Quality,Customer Service"
"Biasa aja, pengirimannya standar.",3,2026-05-07 03:14:08,biasa aja pengirimannya standar,biasa aja pengiriman standar,Neutral,Shipping/Delivery
"Mantap, baju kualitasnya original juara.",5,2026-04-19 23:14:08,mantap baju kualitasnya original juara,mantap baju kualitasnya original juara,Positive,Product Quality
"Admin acuh, respon lambat, sepatu sptnya tiruan.",1,2026-07-17 10:14:08,admin acuh respon lambat sepatu sptnya tiruan,admin acuh respon lambat sepatu sptnya tiruan,Negative,"Shipping/Delivery,Product Quality,Customer Service"
"Bagus bgt, kurir juga ramah recommended seller.",5,2026-08-29 06:14:08,bagus bgt kurir juga ramah recommended seller,bagus banget kurir juga ramah recommended seller,Positive,"Shipping/Delivery,Product Quality,Customer Service"
"Kurir lambat, hp hancur pas sampai ga pake bubble wrap.",1,2026-05-29 06:14:08,kurir lambat hp hancur pas sampai ga pake bubble wrap,kurir lambat hp hancur pas sampai tidak pakai bubble wrap,Negative,"Shipping/Delivery,Packaging/Condition"
"Kurir lambat, jam tangan hancur pas sampai ga pake bubble wrap.",2,2026-08-11 15:14:08,kurir lambat jam tangan hancur pas sampai ga pake bubble wrap,kurir lambat jam tangan hancur pas sampai tidak pakai bubble wrap,Negative,"Shipping/Delivery,Packaging/Condition"
"Bagus bgt, abang kurir juga ramah recommended seller.",5,2026-02-13 15:14:08,bagus bgt abang kurir juga ramah recommended seller,bagus banget abang kurir juga ramah recommended seller,Positive,"Shipping/Delivery,Product Quality,Customer Service"
"Mantap, hp kualitasnya original juara.",4,2026-02-12 14:14:08,mantap hp kualitasnya original juara,mantap hp kualitasnya original juara,Positive,Product Quality
"Kecewa, baju cacat tdk sesuai gambar.",1,2026-02-01 21:14:08,kecewa baju cacat tdk sesuai gambar,kecewa baju cacat tidak sesuai gambar,Negative,Product Quality
"skincare bgs, packing aman pake bubble wrap.",4,2026-06-01 15:14:08,skincare bgs packing aman pake bubble wrap,skincare bagus pengemasan aman pakai bubble wrap,Positive,"Packaging/Condition,Product Quality"
"sepatu bgs, packing aman pake bubble wrap.",5,2026-06-20 03:14:08,sepatu bgs packing aman pake bubble wrap,sepatu bagus pengemasan aman pakai bubble wrap,Positive,"Packaging/Condition,Product Quality"
"Admin acuh, respon lambat, jam tangan sptnya tiruan.",1,2025-12-01 00:14:08,admin acuh respon lambat jam tangan sptnya tiruan,admin acuh respon lambat jam tangan sptnya tiruan,Negative,"Shipping/Delivery,Product Quality,Customer Service"
"Mantap, skincare kualitasnya original juara.",5,2026-05-05 18:14:08,mantap skincare kualitasnya original juara,mantap skincare kualitasnya original juara,Positive,Product Quality
skincare lumayan lah buat harga segini.,3,2026-04-18 06:14:08,skincare lumayan lah buat harga segini,skincare lumayan lah buat harga segini,Neutral,General
"Sesuai harga, baju cukup oke, admin biasa aja.",3,2026-08-24 02:14:08,sesuai harga baju cukup oke admin biasa aja,sesuai harga baju cukup oke admin biasa aja,Neutral,Customer Service
"Biasa aja, pengirimannya standar.",3,2026-01-23 11:14:08,biasa aja pengirimannya standar,biasa aja pengiriman standar,Neutral,Shipping/Delivery
"Pengirimannya lama banget, kurir lambat, baju penyok.",2,2026-08-28 09:14:08,pengirimannya lama banget kurir lambat baju penyok,pengiriman lama banget kurir lambat baju penyok,Negative,"Shipping/Delivery,Packaging/Condition"
"sepatu sampai dengan selamat, original sih tapi pengiriman lambat.",3,2026-01-13 12:14:08,sepatu sampai dengan selamat original sih tapi pengiriman lambat,sepatu sampai dengan selamat original sih tapi pengiriman lambat,Neutral,"Shipping/Delivery,Product Quality"
"skincare sampai dengan selamat, original sih tapi pengirimannya lambat.",3,2026-07-29 02:14:08,skincare sampai dengan selamat original sih tapi pengirimannya lambat,skincare sampai dengan selamat original sih tapi pengiriman lambat,Neutral,"Shipping/Delivery,Product Quality"
"Pengirimannya lama bgt, abang kurir lambat, tas penyok.",1,2026-03-12 12:14:08,pengirimannya lama bgt abang kurir lambat tas penyok,pengiriman lama banget abang kurir lambat tas penyok,Negative,"Shipping/Delivery,Packaging/Condition"
"Bagus bgt, abang kurir juga ramah recommended seller.",5,2025-10-28 08:14:08,bagus bgt abang kurir juga ramah recommended seller,bagus banget abang kurir juga ramah recommended seller,Positive,"Shipping/Delivery,Product Quality,Customer Service"
"Kurir lambat, hp hancur pas sampai ga pake bubble wrap.",2,2026-04-15 14:14:08,kurir lambat hp hancur pas sampai ga pake bubble wrap,kurir lambat hp hancur pas sampai tidak pakai bubble wrap,Negative,"Shipping/Delivery,Packaging/Condition"
"Kecewa, jam tangan cacat tidak sesuai gambar.",1,2026-04-24 20:14:08,kecewa jam tangan cacat tidak sesuai gambar,kecewa jam tangan cacat tidak sesuai gambar,Negative,Product Quality
"Pengiriman cepat bgt, skincare original.",4,2026-06-14 16:14:08,pengiriman cepat bgt skincare original,pengiriman cepat banget skincare original,Positive,"Shipping/Delivery,Product Quality"
"Bagus bgt, abang kurir juga ramah recommended seller.",5,2026-05-20 12:14:08,bagus bgt abang kurir juga ramah recommended seller,bagus banget abang kurir juga ramah recommended seller,Positive,"Shipping/Delivery,Product Quality,Customer Service"
"Admin acuh, respon lambat, skincare sepertinya tiruan.",1,2026-01-16 18:14:08,admin acuh respon lambat skincare sepertinya tiruan,admin acuh respon lambat skincare sepertinya tiruan,Negative,"Shipping/Delivery,Product Quality,Customer Service"
"Mantap, hp kualitasnya original juara.",5,2026-06-23 23:14:08,mantap hp kualitasnya original juara,mantap hp kualitasnya original juara,Positive,Product Quality
"Admin acuh, respon lambat, baju sepertinya tiruan.",2,2026-06-07 12:14:08,admin acuh respon lambat baju sepertinya tiruan,admin acuh respon lambat baju sepertinya tiruan,Negative,"Shipping/Delivery,Product Quality,Customer Service"
"Admin ramah responnya cepat, jam tangan sesuai deskripsi.",5,2025-11-14 09:14:08,admin ramah responnya cepat jam tangan sesuai deskripsi,admin ramah responnya cepat jam tangan sesuai deskripsi,Positive,"Shipping/Delivery,Customer Service"
"Sesuai harga, sepatu cukup oke, admin biasa aja.",3,2025-11-13 10:14:08,sesuai harga sepatu cukup oke admin biasa aja,sesuai harga sepatu cukup oke admin biasa aja,Neutral,Customer Service
"skincare sampai dengan selamat, original sih tapi pengirimannya lambat.",3,2026-01-04 06:14:08,skincare sampai dengan selamat original sih tapi pengirimannya lambat,skincare sampai dengan selamat original sih tapi pengiriman lambat,Neutral,"Shipping/Delivery,Product Quality"
"Pengiriman cepat bgt, skincare original.",5,2026-09-06 23:14:08,pengiriman cepat bgt skincare original,pengiriman cepat banget skincare original,Positive,"Shipping/Delivery,Product Quality"
"Gpp lah, agak lama tapi hp masih utuh.",3,2026-03-24 20:14:08,gpp lah agak lama tapi hp masih utuh,tidak apa-apa lah agak lama tapi hp masih utuh,Neutral,"Shipping/Delivery,Product Quality"
"hp bagus, packing aman pake bubble wrap.",4,2025-10-19 23:14:08,hp bagus packing aman pake bubble wrap,hp bagus pengemasan aman pakai bubble wrap,Positive,"Packaging/Condition,Product Quality"
"tas cacat, packing rusak dan bocor.",1,2025-12-11 14:14:08,tas cacat packing rusak dan bocor,tas cacat pengemasan rusak dan bocor,Negative,"Packaging/Condition,Product Quality"
"Pengiriman cepat bgt, skincare original.",5,2025-12-19 12:14:08,pengiriman cepat bgt skincare original,pengiriman cepat banget skincare original,Positive,"Shipping/Delivery,Product Quality"
"Kurir lambat, skincare hancur pas sampai ga pake bubble wrap.",1,2025-12-02 03:14:08,kurir lambat skincare hancur pas sampai ga pake bubble wrap,kurir lambat skincare hancur pas sampai tidak pakai bubble wrap,Negative,"Shipping/Delivery,Packaging/Condition"
"Pengirimannya lama banget, kurir lambat, sepatu penyok.",1,2026-08-25 12:14:08,pengirimannya lama banget kurir lambat sepatu penyok,pengiriman lama banget kurir lambat sepatu penyok,Negative,"Shipping/Delivery,Packaging/Condition"
"Admin ramah responnya cepat, hp sesuai deskripsi.",4,2026-01-14 22:14:08,admin ramah responnya cepat hp sesuai deskripsi,admin ramah responnya cepat hp sesuai deskripsi,Positive,"Shipping/Delivery,Customer Service"
"Admin acuh, respon lambat, hp sptnya tiruan.",2,2026-04-25 14:14:08,admin acuh respon lambat hp sptnya tiruan,admin acuh respon lambat hp sptnya tiruan,Negative,"Shipping/Delivery,Product Quality,Customer Service"
"Admin ramah responnya cepat, baju sesuai deskripsi.",4,2026-02-12 19:14:08,admin ramah responnya cepat baju sesuai deskripsi,admin ramah responnya cepat baju sesuai deskripsi,Positive,"Shipping/Delivery,Customer Service"
"skincare bgs, packing aman pake bubble wrap.",5,2026-08-19 23:14:08,skincare bgs packing aman pake bubble wrap,skincare bagus pengemasan aman pakai bubble wrap,Positive,"Packaging/Condition,Product Quality"
"Biasa aja, pengiriman standar.",3,2025-12-12 01:14:08,biasa aja pengiriman standar,biasa aja pengiriman standar,Neutral,Shipping/Delivery
"Bagus bgt, abang kurir juga ramah recommended seller.",5,2026-04-10 01:14:08,bagus bgt abang kurir juga ramah recommended seller,bagus banget abang kurir juga ramah recommended seller,Positive,"Shipping/Delivery,Product Quality,Customer Service"
"Admin ramah responnya cepat, skincare sesuai deskripsi.",5,2026-03-21 17:14:08,admin ramah responnya cepat skincare sesuai deskripsi,admin ramah responnya cepat skincare sesuai deskripsi,Positive,"Shipping/Delivery,Customer Service"
"Admin ramah responnya cepat, sepatu sesuai deskripsi.",5,2026-05-14 18:14:08,admin ramah responnya cepat sepatu sesuai deskripsi,admin ramah responnya cepat sepatu sesuai deskripsi,Positive,"Shipping/Delivery,Customer Service"
"Bagus bgt, abang kurir juga ramah recommended seller.",4,2026-06-09 08:14:08,bagus bgt abang kurir juga ramah recommended seller,bagus banget abang kurir juga ramah recommended seller,Positive,"Shipping/Delivery,Product Quality,Customer Service"
"skincare bgs, packing aman pake bubble wrap.",4,2026-07-10 23:14:08,skincare bgs packing aman pake bubble wrap,skincare bagus pengemasan aman pakai bubble wrap,Positive,"Packaging/Condition,Product Quality"
"Kurir lambat, skincare hancur pas sampai ga pake bubble wrap.",1,2026-01-12 06:14:08,kurir lambat skincare hancur pas sampai ga pake bubble wrap,kurir lambat skincare hancur pas sampai tidak pakai bubble wrap,Negative,"Shipping/Delivery,Packaging/Condition"
"Sesuai harga, hp cukup oke, admin biasa aja.",3,2026-05-09 12:14:08,sesuai harga hp cukup oke admin biasa aja,sesuai harga hp cukup oke admin biasa aja,Neutral,Customer Service
"Admin ramah responnya cepat, hp sesuai deskripsi.",5,2026-09-04 20:14:08,admin ramah responnya cepat hp sesuai deskripsi,admin ramah responnya cepat hp sesuai deskripsi,Positive,"Shipping/Delivery,Customer Service"
"jam tangan bgs, packing aman pake bubble wrap.",5,2026-01-03 04:14:08,jam tangan bgs packing aman pake bubble wrap,jam tangan bagus pengemasan aman pakai bubble wrap,Positive,"Packaging/Condition,Product Quality"
"Sesuai harga, tas cukup oke, admin biasa aja.",3,2025-09-28 22:14:08,sesuai harga tas cukup oke admin biasa aja,sesuai harga tas cukup oke admin biasa aja,Neutral,Customer Service
"Pengirimannya lama banget, kurir lambat, baju penyok.",2,2025-10-29 18:14:08,pengirimannya lama banget kurir lambat baju penyok,pengiriman lama banget kurir lambat baju penyok,Negative,"Shipping/Delivery,Packaging/Condition"
"Biasa aja, pengiriman standar.",3,2025-09-25 16:14:08,biasa aja pengiriman standar,biasa aja pengiriman standar,Neutral,Shipping/Delivery
"Kurir lambat, tas hancur pas sampai ga pake bubble wrap.",2,2026-07-25 17:14:08,kurir lambat tas hancur pas sampai ga pake bubble wrap,kurir lambat tas hancur pas sampai tidak pakai bubble wrap,Negative,"Shipping/Delivery,Packaging/Condition"
"Bagus bgt, kurir juga ramah recommended seller.",5,2026-04-20 04:14:08,bagus bgt kurir juga ramah recommended seller,bagus banget kurir juga ramah recommended seller,Positive,"Shipping/Delivery,Product Quality,Customer Service"
"Admin ramah responnya cepat, baju sesuai deskripsi.",5,2026-06-29 05:14:08,admin ramah responnya cepat baju sesuai deskripsi,admin ramah responnya cepat baju sesuai deskripsi,Positive,"Shipping/Delivery,Customer Service"
"skincare bgs, packing aman pake bubble wrap.",5,2025-10-05 19:14:08,skincare bgs packing aman pake bubble wrap,skincare bagus pengemasan aman pakai bubble wrap,Positive,"Packaging/Condition,Product Quality"
"Pengiriman cepat banget, tas original.",5,2026-02-22 02:14:08,pengiriman cepat banget tas original,pengiriman cepat banget tas original,Positive,"Shipping/Delivery,Product Quality"
"Admin ramah responnya cepat, skincare sesuai deskripsi.",5,2026-06-19 19:14:08,admin ramah responnya cepat skincare sesuai deskripsi,admin ramah responnya cepat skincare sesuai deskripsi,Positive,"Shipping/Delivery,Customer Service"
"Gpp lah, agak lama tapi hp masih utuh.",3,2026-05-28 09:14:08,gpp lah agak lama tapi hp masih utuh,tidak apa-apa lah agak lama tapi hp masih utuh,Neutral,"Shipping/Delivery,Product Quality"
"Bagus bgt, kurir juga ramah recommended seller.",4,2025-11-27 14:14:08,bagus bgt kurir juga ramah recommended seller,bagus banget kurir juga ramah recommended seller,Positive,"Shipping/Delivery,Product Quality,Customer Service"
"Mantap, hp kualitasnya original juara.",5,2025-09-22 15:14:08,mantap hp kualitasnya original juara,mantap hp kualitasnya original juara,Positive,Product Quality
"Gpp lah, agak lama tapi skincare masih utuh.",3,2025-11-07 12:14:08,gpp lah agak lama tapi skincare masih utuh,tidak apa-apa lah agak lama tapi skincare masih utuh,Neutral,"Shipping/Delivery,Product Quality"
"Pengiriman cepat banget, tas original.",5,2025-10-21 00:14:08,pengiriman cepat banget tas original,pengiriman cepat banget tas original,Positive,"Shipping/Delivery,Product Quality"
"sepatu cacat, packing rusak dan bocor.",2,2026-01-07 04:14:08,sepatu cacat packing rusak dan bocor,sepatu cacat pengemasan rusak dan bocor,Negative,"Packaging/Condition,Product Quality"
"Bagus bgt, abang kurir juga ramah recommended seller.",4,2025-10-30 04:14:08,bagus bgt abang kurir juga ramah recommended seller,bagus banget abang kurir juga ramah recommended seller,Positive,"Shipping/Delivery,Product Quality,Customer Service"
"Mantap, sepatu kualitasnya original juara.",4,2025-09-25 00:14:08,mantap sepatu kualitasnya original juara,mantap sepatu kualitasnya original juara,Positive,Product Quality
"Admin acuh, respon lambat, skincare sptnya tiruan.",2,2025-11-15 06:14:08,admin acuh respon lambat skincare sptnya tiruan,admin acuh respon lambat skincare sptnya tiruan,Negative,"Shipping/Delivery,Product Quality,Customer Service"
"Admin ramah responnya cepat, tas sesuai deskripsi.",5,2026-03-29 12:14:08,admin ramah responnya cepat tas sesuai deskripsi,admin ramah responnya cepat tas sesuai deskripsi,Positive,"Shipping/Delivery,Customer Service"
"Kecewa, hp cacat tdk sesuai gambar.",1,2026-06-12 00:14:08,kecewa hp cacat tdk sesuai gambar,kecewa hp cacat tidak sesuai gambar,Negative,Product Quality
"skincare cacat, packing rusak dan bocor.",2,2026-02-11 02:14:08,skincare cacat packing rusak dan bocor,skincare cacat pengemasan rusak dan bocor,Negative,"Packaging/Condition,Product Quality"
"Pengiriman cepat banget, baju original.",5,2026-04-11 14:14:08,pengiriman cepat banget baju original,pengiriman cepat banget baju original,Positive,"Shipping/Delivery,Product Quality"
"Pengiriman cepat bgt, jam tangan original.",5,2026-05-10 08:14:08,pengiriman cepat bgt jam tangan original,pengiriman cepat banget jam tangan original,Positive,"Shipping/Delivery,Product Quality"
"sepatu cacat, packing rusak dan bocor.",2,2026-01-28 21:14:08,sepatu cacat packing rusak dan bocor,sepatu cacat pengemasan rusak dan bocor,Negative,"Packaging/Condition,Product Quality"
"Pengiriman cepat bgt, skincare original.",4,2026-08-12 18:14:08,pengiriman cepat bgt skincare original,pengiriman cepat banget skincare original,Positive,"Shipping/Delivery,Product Quality"
baju lumayan lah buat harga segini.,3,2025-11-13 09:14:08,baju lumayan lah buat harga segini,baju lumayan lah buat harga segini,Neutral,General
"Admin ramah responnya cepat, jam tangan sesuai deskripsi.",5,2025-10-05 20:14:08,admin ramah responnya cepat jam tangan sesuai deskripsi,admin ramah responnya cepat jam tangan sesuai deskripsi,Positive,"Shipping/Delivery,Customer Service"
"Bagus bgt, abang kurir juga ramah recommended seller.",5,2026-01-07 00:14:08,bagus bgt abang kurir juga ramah recommended seller,bagus banget abang kurir juga ramah recommended seller,Positive,"Shipping/Delivery,Product Quality,Customer Service"
"Pengiriman cepat banget, tas original.",4,2026-06-30 09:14:08,pengiriman cepat banget tas original,pengiriman cepat banget tas original,Positive,"Shipping/Delivery,Product Quality"
"skincare bagus, packing aman pake bubble wrap.",5,2025-09-25 10:14:08,skincare bagus packing aman pake bubble wrap,skincare bagus pengemasan aman pakai bubble wrap,Positive,"Packaging/Condition,Product Quality"
"Pengiriman cepat bgt, sepatu original.",5,2026-01-10 16:14:08,pengiriman cepat bgt sepatu original,pengiriman cepat banget sepatu original,Positive,"Shipping/Delivery,Product Quality"
baju lumayan lah buat harga segini.,3,2026-06-16 19:14:08,baju lumayan lah buat harga segini,baju lumayan lah buat harga segini,Neutral,General
"Sesuai harga, skincare cukup oke, admin biasa aja.",3,2026-05-13 21:14:08,sesuai harga skincare cukup oke admin biasa aja,sesuai harga skincare cukup oke admin biasa aja,Neutral,Customer Service
"Admin ramah responnya cepat, sepatu sesuai deskripsi.",5,2026-06-04 16:14:08,admin ramah responnya cepat sepatu sesuai deskripsi,admin ramah responnya cepat sepatu sesuai deskripsi,Positive,"Shipping/Delivery,Customer Service"
"Admin acuh, respon lambat, hp sepertinya tiruan.",1,2026-05-22 11:14:08,admin acuh respon lambat hp sepertinya tiruan,admin acuh respon lambat hp sepertinya tiruan,Negative,"Shipping/Delivery,Product Quality,Customer Service"
"Pengiriman cepat bgt, skincare original.",5,2026-08-18 14:14:08,pengiriman cepat bgt skincare original,pengiriman cepat banget skincare original,Positive,"Shipping/Delivery,Product Quality"
"Admin acuh, respon lambat, hp sepertinya tiruan.",1,2026-08-26 15:14:08,admin acuh respon lambat hp sepertinya tiruan,admin acuh respon lambat hp sepertinya tiruan,Negative,"Shipping/Delivery,Product Quality,Customer Service"
"Admin ramah responnya cepat, tas sesuai deskripsi.",5,2026-08-27 20:14:08,admin ramah responnya cepat tas sesuai deskripsi,admin ramah responnya cepat tas sesuai deskripsi,Positive,"Shipping/Delivery,Customer Service"
"hp cacat, packing rusak dan bocor.",2,2026-06-17 00:14:08,hp cacat packing rusak dan bocor,hp cacat pengemasan rusak dan bocor,Negative,"Packaging/Condition,Product Quality"
"skincare bgs, packing aman pake bubble wrap.",5,2026-07-13 12:14:08,skincare bgs packing aman pake bubble wrap,skincare bagus pengemasan aman pakai bubble wrap,Positive,"Packaging/Condition,Product Quality"
"sepatu bgs, packing aman pake bubble wrap.",5,2025-10-23 12:14:08,sepatu bgs packing aman pake bubble wrap,sepatu bagus pengemasan aman pakai bubble wrap,Positive,"Packaging/Condition,Product Quality"
"Mantap, jam tangan kualitasnya original juara.",4,2026-05-25 04:14:08,mantap jam tangan kualitasnya original juara,mantap jam tangan kualitasnya original juara,Positive,Product Quality
"skincare cacat, packing rusak dan bocor.",1,2026-01-16 15:14:08,skincare cacat packing rusak dan bocor,skincare cacat pengemasan rusak dan bocor,Negative,"Packaging/Condition,Product Quality"
"Admin ramah responnya cepat, sepatu sesuai deskripsi.",5,2026-02-15 14:14:08,admin ramah responnya cepat sepatu sesuai deskripsi,admin ramah responnya cepat sepatu sesuai deskripsi,Positive,"Shipping/Delivery,Customer Service"
"Gpp lah, agak lama tapi hp masih utuh.",3,2026-02-16 20:14:08,gpp lah agak lama tapi hp masih utuh,tidak apa-apa lah agak lama tapi hp masih utuh,Neutral,"Shipping/Delivery,Product Quality"
"Mantap, tas kualitasnya original juara.",4,2026-05-19 20:14:08,mantap tas kualitasnya original juara,mantap tas kualitasnya original juara,Positive,Product Quality
"Mantap, skincare kualitasnya original juara.",5,2025-11-19 18:14:08,mantap skincare kualitasnya original juara,mantap skincare kualitasnya original juara,Positive,Product Quality
"Mantap, baju kualitasnya original juara.",5,2025-10-14 11:14:08,mantap baju kualitasnya original juara,mantap baju kualitasnya original juara,Positive,Product Quality
"Pengirimannya lama banget, kurir lambat, skincare penyok.",1,2026-09-08 04:14:08,pengirimannya lama banget kurir lambat skincare penyok,pengiriman lama banget kurir lambat skincare penyok,Negative,"Shipping/Delivery,Packaging/Condition"
"Admin acuh, respon lambat, hp sptnya tiruan.",2,2026-04-01 08:14:08,admin acuh respon lambat hp sptnya tiruan,admin acuh respon lambat hp sptnya tiruan,Negative,"Shipping/Delivery,Product Quality,Customer Service"
"Admin acuh, respon lambat, jam tangan sptnya tiruan.",1,2026-03-02 12:14:08,admin acuh respon lambat jam tangan sptnya tiruan,admin acuh respon lambat jam tangan sptnya tiruan,Negative,"Shipping/Delivery,Product Quality,Customer Service"
"Gpp lah, agak lama tapi sepatu masih utuh.",3,2026-01-09 22:14:08,gpp lah agak lama tapi sepatu masih utuh,tidak apa-apa lah agak lama tapi sepatu masih utuh,Neutral,"Shipping/Delivery,Product Quality"
"Bagus bgt, abang kurir juga ramah recommended seller.",4,2026-03-13 01:14:08,bagus bgt abang kurir juga ramah recommended seller,bagus banget abang kurir juga ramah recommended seller,Positive,"Shipping/Delivery,Product Quality,Customer Service"
"Kurir lambat, baju hancur pas sampai ga pake bubble wrap.",1,2025-12-17 08:14:08,kurir lambat baju hancur pas sampai ga pake bubble wrap,kurir lambat baju hancur pas sampai tidak pakai bubble wrap,Negative,"Shipping/Delivery,Packaging/Condition"
"baju bgs, packing aman pake bubble wrap.",4,2026-03-06 14:14:08,baju bgs packing aman pake bubble wrap,baju bagus pengemasan aman pakai bubble wrap,Positive,"Packaging/Condition,Product Quality"
"Mantap, skincare kualitasnya original juara.",4,2026-04-14 04:14:08,mantap skincare kualitasnya original juara,mantap skincare kualitasnya original juara,Positive,Product Quality
"Gpp lah, agak lama tapi tas masih utuh.",3,2026-05-15 22:14:08,gpp lah agak lama tapi tas masih utuh,tidak apa-apa lah agak lama tapi tas masih utuh,Neutral,"Shipping/Delivery,Product Quality"
"Admin acuh, respon lambat, skincare sepertinya tiruan.",2,2026-01-17 23:14:08,admin acuh respon lambat skincare sepertinya tiruan,admin acuh respon lambat skincare sepertinya tiruan,Negative,"Shipping/Delivery,Product Quality,Customer Service"
"Bagus bgt, kurir juga ramah recommended seller.",4,2026-06-07 22:14:08,bagus bgt kurir juga ramah recommended seller,bagus banget kurir juga ramah recommended seller,Positive,"Shipping/Delivery,Product Quality,Customer Service"
"Mantap, sepatu kualitasnya original juara.",5,2026-03-02 02:14:08,mantap sepatu kualitasnya original juara,mantap sepatu kualitasnya original juara,Positive,Product Quality
"Gpp lah, agak lama tapi jam tangan masih utuh.",3,2026-09-16 03:14:08,gpp lah agak lama tapi jam tangan masih utuh,tidak apa-apa lah agak lama tapi jam tangan masih utuh,Neutral,"Shipping/Delivery,Product Quality"
"jam tangan bgs, packing aman pake bubble wrap.",4,2026-08-23 17:14:08,jam tangan bgs packing aman pake bubble wrap,jam tangan bagus pengemasan aman pakai bubble wrap,Positive,"Packaging/Condition,Product Quality"
"Kurir lambat, skincare hancur pas sampai ga pake bubble wrap.",1,2026-03-23 20:14:08,kurir lambat skincare hancur pas sampai ga pake bubble wrap,kurir lambat skincare hancur pas sampai tidak pakai bubble wrap,Negative,"Shipping/Delivery,Packaging/Condition"
"Mantap, jam tangan kualitasnya original juara.",5,2026-04-20 17:14:08,mantap jam tangan kualitasnya original juara,mantap jam tangan kualitasnya original juara,Positive,Product Quality
"Pengirimannya lama bgt, abang kurir lambat, baju penyok.",2,2026-05-11 17:14:08,pengirimannya lama bgt abang kurir lambat baju penyok,pengiriman lama banget abang kurir lambat baju penyok,Negative,"Shipping/Delivery,Packaging/Condition"
"Mantap, jam tangan kualitasnya original juara.",5,2025-10-23 11:14:08,mantap jam tangan kualitasnya original juara,mantap jam tangan kualitasnya original juara,Positive,Product Quality
"Gpp lah, agak lama tapi baju masih utuh.",3,2026-02-15 05:14:08,gpp lah agak lama tapi baju masih utuh,tidak apa-apa lah agak lama tapi baju masih utuh,Neutral,"Shipping/Delivery,Product Quality"
"baju bgs, packing aman pake bubble wrap.",4,2026-06-12 05:14:08,baju bgs packing aman pake bubble wrap,baju bagus pengemasan aman pakai bubble wrap,Positive,"Packaging/Condition,Product Quality"
"Admin ramah responnya cepat, skincare sesuai deskripsi.",4,2026-08-31 17:14:08,admin ramah responnya cepat skincare sesuai deskripsi,admin ramah responnya cepat skincare sesuai deskripsi,Positive,"Shipping/Delivery,Customer Service"
"Bagus bgt, kurir juga ramah recommended seller.",4,2026-02-11 10:14:08,bagus bgt kurir juga ramah recommended seller,bagus banget kurir juga ramah recommended seller,Positive,"Shipping/Delivery,Product Quality,Customer Service"
"skincare bgs, packing aman pake bubble wrap.",5,2026-04-12 11:14:08,skincare bgs packing aman pake bubble wrap,skincare bagus pengemasan aman pakai bubble wrap,Positive,"Packaging/Condition,Product Quality"
"Mantap, sepatu kualitasnya original juara.",5,2026-07-05 21:14:08,mantap sepatu kualitasnya original juara,mantap sepatu kualitasnya original juara,Positive,Product Quality
"Gpp lah, agak lama tapi skincare masih utuh.",3,2026-08-18 11:14:08,gpp lah agak lama tapi skincare masih utuh,tidak apa-apa lah agak lama tapi skincare masih utuh,Neutral,"Shipping/Delivery,Product Quality"
"Bagus bgt, abang kurir juga ramah recommended seller.",5,2026-01-09 13:14:08,bagus bgt abang kurir juga ramah recommended seller,bagus banget abang kurir juga ramah recommended seller,Positive,"Shipping/Delivery,Product Quality,Customer Service"
"Admin ramah responnya cepat, sepatu sesuai deskripsi.",4,2025-10-19 19:14:08,admin ramah responnya cepat sepatu sesuai deskripsi,admin ramah responnya cepat sepatu sesuai deskripsi,Positive,"Shipping/Delivery,Customer Service"
"Kecewa, tas cacat tdk sesuai gambar.",1,2026-04-17 20:14:08,kecewa tas cacat tdk sesuai gambar,kecewa tas cacat tidak sesuai gambar,Negative,Product Quality
"Pengirimannya lama banget, kurir lambat, jam tangan penyok.",1,2026-08-03 09:14:08,pengirimannya lama banget kurir lambat jam tangan penyok,pengiriman lama banget kurir lambat jam tangan penyok,Negative,"Shipping/Delivery,Packaging/Condition"
"jam tangan bagus, packing aman pake bubble wrap.",5,2026-09-16 10:14:08,jam tangan bagus packing aman pake bubble wrap,jam tangan bagus pengemasan aman pakai bubble wrap,Positive,"Packaging/Condition,Product Quality"
"baju bgs, packing aman pake bubble wrap.",5,2025-10-02 22:14:08,baju bgs packing aman pake bubble wrap,baju bagus pengemasan aman pakai bubble wrap,Positive,"Packaging/Condition,Product Quality"
"hp cacat, packing rusak dan bocor.",2,2026-06-21 18:14:08,hp cacat packing rusak dan bocor,hp cacat pengemasan rusak dan bocor,Negative,"Packaging/Condition,Product Quality"
"Admin ramah responnya cepat, sepatu sesuai deskripsi.",4,2026-04-25 09:14:08,admin ramah responnya cepat sepatu sesuai deskripsi,admin ramah responnya cepat sepatu sesuai deskripsi,Positive,"Shipping/Delivery,Customer Service"
"Bagus bgt, abang kurir juga ramah recommended seller.",4,2025-09-26 09:14:08,bagus bgt abang kurir juga ramah recommended seller,bagus banget abang kurir juga ramah recommended seller,Positive,"Shipping/Delivery,Product Quality,Customer Service"
"jam tangan sampai dengan selamat, original sih tapi pengirimannya lambat.",3,2026-04-23 08:14:08,jam tangan sampai dengan selamat original sih tapi pengirimannya lambat,jam tangan sampai dengan selamat original sih tapi pengiriman lambat,Neutral,"Shipping/Delivery,Product Quality"
"sepatu bagus, packing aman pake bubble wrap.",4,2026-08-20 18:14:08,sepatu bagus packing aman pake bubble wrap,sepatu bagus pengemasan aman pakai bubble wrap,Positive,"Packaging/Condition,Product Quality"
"Pengirimannya lama bgt, abang kurir lambat, skincare penyok.",1,2025-12-14 23:14:08,pengirimannya lama bgt abang kurir lambat skincare penyok,pengiriman lama banget abang kurir lambat skincare penyok,Negative,"Shipping/Delivery,Packaging/Condition"
"Admin ramah responnya cepat, jam tangan sesuai deskripsi.",4,2025-10-12 14:14:08,admin ramah responnya cepat jam tangan sesuai deskripsi,admin ramah responnya cepat jam tangan sesuai deskripsi,Positive,"Shipping/Delivery,Customer Service"
"Mantap, hp kualitasnya original juara.",5,2026-09-17 12:14:08,mantap hp kualitasnya original juara,mantap hp kualitasnya original juara,Positive,Product Quality
"Bagus bgt, kurir juga ramah recommended seller.",5,2026-05-23 12:14:08,bagus bgt kurir juga ramah recommended seller,bagus banget kurir juga ramah recommended seller,Positive,"Shipping/Delivery,Product Quality,Customer Service"
"Pengiriman cepat bgt, jam tangan original.",4,2025-12-27 23:14:08,pengiriman cepat bgt jam tangan original,pengiriman cepat banget jam tangan original,Positive,"Shipping/Delivery,Product Quality"
"Mantap, skincare kualitasnya original juara.",5,2025-12-15 21:14:08,mantap skincare kualitasnya original juara,mantap skincare kualitasnya original juara,Positive,Product Quality
"Admin ramah responnya cepat, hp sesuai deskripsi.",4,2026-08-03 09:14:08,admin ramah responnya cepat hp sesuai deskripsi,admin ramah responnya cepat hp sesuai deskripsi,Positive,"Shipping/Delivery,Customer Service"
"Sesuai harga, baju cukup oke, admin biasa aja.",3,2026-06-20 21:14:08,sesuai harga baju cukup oke admin biasa aja,sesuai harga baju cukup oke admin biasa aja,Neutral,Customer Service
"Sesuai harga, skincare cukup oke, admin biasa aja.",3,2025-11-12 04:14:08,sesuai harga skincare cukup oke admin biasa aja,sesuai harga skincare cukup oke admin biasa aja,Neutral,Customer Service
"Admin ramah responnya cepat, sepatu sesuai deskripsi.",5,2026-07-28 12:14:08,admin ramah responnya cepat sepatu sesuai deskripsi,admin ramah responnya cepat sepatu sesuai deskripsi,Positive,"Shipping/Delivery,Customer Service"
"Mantap, hp kualitasnya original juara.",5,2026-08-08 11:14:08,mantap hp kualitasnya original juara,mantap hp kualitasnya original juara,Positive,Product Quality
"Mantap, baju kualitasnya original juara.",5,2026-08-24 08:14:08,mantap baju kualitasnya original juara,mantap baju kualitasnya original juara,Positive,Product Quality
"Admin ramah responnya cepat, baju sesuai deskripsi.",5,2025-12-04 05:14:08,admin ramah responnya cepat baju sesuai deskripsi,admin ramah responnya cepat baju sesuai deskripsi,Positive,"Shipping/Delivery,Customer Service"
"hp bagus, packing aman pake bubble wrap.",4,2026-03-28 01:14:08,hp bagus packing aman pake bubble wrap,hp bagus pengemasan aman pakai bubble wrap,Positive,"Packaging/Condition,Product Quality"
"Gpp lah, agak lama tapi hp masih utuh.",3,2026-02-20 13:14:08,gpp lah agak lama tapi hp masih utuh,tidak apa-apa lah agak lama tapi hp masih utuh,Neutral,"Shipping/Delivery,Product Quality"
"Pengiriman cepat bgt, skincare original.",4,2026-03-01 10:14:08,pengiriman cepat bgt skincare original,pengiriman cepat banget skincare original,Positive,"Shipping/Delivery,Product Quality"
"Admin acuh, respon lambat, skincare sepertinya tiruan.",1,2026-06-11 05:14:08,admin acuh respon lambat skincare sepertinya tiruan,admin acuh respon lambat skincare sepertinya tiruan,Negative,"Shipping/Delivery,Product Quality,Customer Service"
"Biasa aja, pengiriman standar.",3,2026-06-06 03:14:08,biasa aja pengiriman standar,biasa aja pengiriman standar,Neutral,Shipping/Delivery
"Mantap, skincare kualitasnya original juara.",5,2026-06-23 18:14:08,mantap skincare kualitasnya original juara,mantap skincare kualitasnya original juara,Positive,Product Quality
"tas bgs, packing aman pake bubble wrap.",5,2025-10-18 22:14:08,tas bgs packing aman pake bubble wrap,tas bagus pengemasan aman pakai bubble wrap,Positive,"Packaging/Condition,Product Quality"
"Admin ramah responnya cepat, hp sesuai deskripsi.",5,2026-07-20 04:14:08,admin ramah responnya cepat hp sesuai deskripsi,admin ramah responnya cepat hp sesuai deskripsi,Positive,"Shipping/Delivery,Customer Service"
"Gpp lah, agak lama tapi sepatu masih utuh.",3,2026-06-08 00:14:08,gpp lah agak lama tapi sepatu masih utuh,tidak apa-apa lah agak lama tapi sepatu masih utuh,Neutral,"Shipping/Delivery,Product Quality"
"Bagus bgt, abang kurir juga ramah recommended seller.",5,2025-12-08 09:14:08,bagus bgt abang kurir juga ramah recommended seller,bagus banget abang kurir juga ramah recommended seller,Positive,"Shipping/Delivery,Product Quality,Customer Service"
"hp bgs, packing aman pake bubble wrap.",5,2025-11-24 23:14:08,hp bgs packing aman pake bubble wrap,hp bagus pengemasan aman pakai bubble wrap,Positive,"Packaging/Condition,Product Quality"
"Bagus bgt, kurir juga ramah recommended seller.",4,2026-09-18 16:14:08,bagus bgt kurir juga ramah recommended seller,bagus banget kurir juga ramah recommended seller,Positive,"Shipping/Delivery,Product Quality,Customer Service"
"sepatu bgs, packing aman pake bubble wrap.",5,2026-01-28 14:14:08,sepatu bgs packing aman pake bubble wrap,sepatu bagus pengemasan aman pakai bubble wrap,Positive,"Packaging/Condition,Product Quality"
"Mantap, tas kualitasnya original juara.",5,2026-06-06 07:14:08,mantap tas kualitasnya original juara,mantap tas kualitasnya original juara,Positive,Product Quality
"Bagus bgt, abang kurir juga ramah recommended seller.",5,2025-11-30 12:14:08,bagus bgt abang kurir juga ramah recommended seller,bagus banget abang kurir juga ramah recommended seller,Positive,"Shipping/Delivery,Product Quality,Customer Service"
"Admin ramah responnya cepat, jam tangan sesuai deskripsi.",4,2025-09-19 14:14:08,admin ramah responnya cepat jam tangan sesuai deskripsi,admin ramah responnya cepat jam tangan sesuai deskripsi,Positive,"Shipping/Delivery,Customer Service"
"Pengirimannya lama bgt, abang kurir lambat, sepatu penyok.",1,2026-08-17 23:14:08,pengirimannya lama bgt abang kurir lambat sepatu penyok,pengiriman lama banget abang kurir lambat sepatu penyok,Negative,"Shipping/Delivery,Packaging/Condition"
"jam tangan bagus, packing aman pake bubble wrap.",4,2026-06-22 10:14:08,jam tangan bagus packing aman pake bubble wrap,jam tangan bagus pengemasan aman pakai bubble wrap,Positive,"Packaging/Condition,Product Quality"
"Mantap, jam tangan kualitasnya original juara.",4,2025-11-26 19:14:08,mantap jam tangan kualitasnya original juara,mantap jam tangan kualitasnya original juara,Positive,Product Quality
"Admin acuh, respon lambat, tas sepertinya tiruan.",1,2025-10-10 20:14:08,admin acuh respon lambat tas sepertinya tiruan,admin acuh respon lambat tas sepertinya tiruan,Negative,"Shipping/Delivery,Product Quality,Customer Service"
"Sesuai harga, hp cukup oke, admin biasa aja.",3,2026-05-28 01:14:08,sesuai harga hp cukup oke admin biasa aja,sesuai harga hp cukup oke admin biasa aja,Neutral,Customer Service
"Bagus bgt, abang kurir juga ramah recommended seller.",5,2026-07-07 20:14:08,bagus bgt abang kurir juga ramah recommended seller,bagus banget abang kurir juga ramah recommended seller,Positive,"Shipping/Delivery,Product Quality,Customer Service"
"Admin ramah responnya cepat, sepatu sesuai deskripsi.",4,2026-07-27 08:14:08,admin ramah responnya cepat sepatu sesuai deskripsi,admin ramah responnya cepat sepatu sesuai deskripsi,Positive,"Shipping/Delivery,Customer Service"
"Bagus bgt, abang kurir juga ramah recommended seller.",5,2025-11-17 09:14:08,bagus bgt abang kurir juga ramah recommended seller,bagus banget abang kurir juga ramah recommended seller,Positive,"Shipping/Delivery,Product Quality,Customer Service"
"Pengiriman cepat bgt, baju original.",4,2026-08-16 21:14:08,pengiriman cepat bgt baju original,pengiriman cepat banget baju original,Positive,"Shipping/Delivery,Product Quality"
"baju sampai dengan selamat, original sih tapi pengiriman lambat.",3,2025-10-20 12:14:08,baju sampai dengan selamat original sih tapi pengiriman lambat,baju sampai dengan selamat original sih tapi pengiriman lambat,Neutral,"Shipping/Delivery,Product Quality"
"Kecewa, jam tangan cacat tidak sesuai gambar.",1,2026-07-18 13:14:08,kecewa jam tangan cacat tidak sesuai gambar,kecewa jam tangan cacat tidak sesuai gambar,Negative,Product Quality
"Bagus bgt, abang kurir juga ramah recommended seller.",5,2026-04-29 06:14:08,bagus bgt abang kurir juga ramah recommended seller,bagus banget abang kurir juga ramah recommended seller,Positive,"Shipping/Delivery,Product Quality,Customer Service"
"tas bagus, packing aman pake bubble wrap.",4,2026-02-14 22:14:08,tas bagus packing aman pake bubble wrap,tas bagus pengemasan aman pakai bubble wrap,Positive,"Packaging/Condition,Product Quality"
"Kecewa, jam tangan cacat tidak sesuai gambar.",2,2026-08-06 15:14:08,kecewa jam tangan cacat tidak sesuai gambar,kecewa jam tangan cacat tidak sesuai gambar,Negative,Product Quality
"sepatu bagus, packing aman pake bubble wrap.",4,2026-03-05 14:14:08,sepatu bagus packing aman pake bubble wrap,sepatu bagus pengemasan aman pakai bubble wrap,Positive,"Packaging/Condition,Product Quality"
"tas bagus, packing aman pake bubble wrap.",4,2026-04-22 13:14:08,tas bagus packing aman pake bubble wrap,tas bagus pengemasan aman pakai bubble wrap,Positive,"Packaging/Condition,Product Quality"
"Mantap, jam tangan kualitasnya original juara.",5,2026-03-06 09:14:08,mantap jam tangan kualitasnya original juara,mantap jam tangan kualitasnya original juara,Positive,Product Quality
"Pengirimannya lama banget, kurir lambat, hp penyok.",1,2026-07-07 23:14:08,pengirimannya lama banget kurir lambat hp penyok,pengiriman lama banget kurir lambat hp penyok,Negative,"Shipping/Delivery,Packaging/Condition"
"baju cacat, packing rusak dan bocor.",2,2026-04-09 16:14:08,baju cacat packing rusak dan bocor,baju cacat pengemasan rusak dan bocor,Negative,"Packaging/Condition,Product Quality"
"Bagus bgt, abang kurir juga ramah recommended seller.",5,2026-03-20 10:14:08,bagus bgt abang kurir juga ramah recommended seller,bagus banget abang kurir juga ramah recommended seller,Positive,"Shipping/Delivery,Product Quality,Customer Service"
"Mantap, hp kualitasnya original juara.",5,2026-08-13 17:14:08,mantap hp kualitasnya original juara,mantap hp kualitasnya original juara,Positive,Product Quality
"Mantap, baju kualitasnya original juara.",5,2026-04-14 06:14:08,mantap baju kualitasnya original juara,mantap baju kualitasnya original juara,Positive,Product Quality
"Kurir lambat, baju hancur pas sampai ga pake bubble wrap.",2,2026-03-26 04:14:08,kurir lambat baju hancur pas sampai ga pake bubble wrap,kurir lambat baju hancur pas sampai tidak pakai bubble wrap,Negative,"Shipping/Delivery,Packaging/Condition"
"Admin ramah responnya cepat, skincare sesuai deskripsi.",5,2026-04-16 06:14:08,admin ramah responnya cepat skincare sesuai deskripsi,admin ramah responnya cepat skincare sesuai deskripsi,Positive,"Shipping/Delivery,Customer Service"
"Bagus bgt, kurir juga ramah recommended seller.",4,2026-03-24 22:14:08,bagus bgt kurir juga ramah recommended seller,bagus banget kurir juga ramah recommended seller,Positive,"Shipping/Delivery,Product Quality,Customer Service"
"Mantap, skincare kualitasnya original juara.",5,2025-11-24 05:14:08,mantap skincare kualitasnya original juara,mantap skincare kualitasnya original juara,Positive,Product Quality
"Pengirimannya lama bgt, abang kurir lambat, sepatu penyok.",1,2026-07-19 11:14:08,pengirimannya lama bgt abang kurir lambat sepatu penyok,pengiriman lama banget abang kurir lambat sepatu penyok,Negative,"Shipping/Delivery,Packaging/Condition"
"Admin acuh, respon lambat, tas sepertinya tiruan.",2,2026-07-28 12:14:08,admin acuh respon lambat tas sepertinya tiruan,admin acuh respon lambat tas sepertinya tiruan,Negative,"Shipping/Delivery,Product Quality,Customer Service"
"sepatu bagus, packing aman pake bubble wrap.",5,2025-11-08 08:14:08,sepatu bagus packing aman pake bubble wrap,sepatu bagus pengemasan aman pakai bubble wrap,Positive,"Packaging/Condition,Product Quality"
"Mantap, sepatu kualitasnya original juara.",4,2026-08-01 19:14:08,mantap sepatu kualitasnya original juara,mantap sepatu kualitasnya original juara,Positive,Product Quality
"Pengiriman cepat bgt, jam tangan original.",5,2026-01-21 01:14:08,pengiriman cepat bgt jam tangan original,pengiriman cepat banget jam tangan original,Positive,"Shipping/Delivery,Product Quality"
"Admin ramah responnya cepat, jam tangan sesuai deskripsi.",5,2026-08-11 20:14:08,admin ramah responnya cepat jam tangan sesuai deskripsi,admin ramah responnya cepat jam tangan sesuai deskripsi,Positive,"Shipping/Delivery,Customer Service"
"Mantap, baju kualitasnya original juara.",4,2026-03-04 01:14:08,mantap baju kualitasnya original juara,mantap baju kualitasnya original juara,Positive,Product Quality
"Admin ramah responnya cepat, jam tangan sesuai deskripsi.",5,2026-08-05 01:14:08,admin ramah responnya cepat jam tangan sesuai deskripsi,admin ramah responnya cepat jam tangan sesuai deskripsi,Positive,"Shipping/Delivery,Customer Service"
"Kurir lambat, skincare hancur pas sampai ga pake bubble wrap.",1,2026-05-03 07:14:08,kurir lambat skincare hancur pas sampai ga pake bubble wrap,kurir lambat skincare hancur pas sampai tidak pakai bubble wrap,Negative,"Shipping/Delivery,Packaging/Condition"
"Mantap, jam tangan kualitasnya original juara.",4,2026-04-02 03:14:08,mantap jam tangan kualitasnya original juara,mantap jam tangan kualitasnya original juara,Positive,Product Quality
"Admin acuh, respon lambat, skincare sepertinya tiruan.",1,2025-10-29 13:14:08,admin acuh respon lambat skincare sepertinya tiruan,admin acuh respon lambat skincare sepertinya tiruan,Negative,"Shipping/Delivery,Product Quality,Customer Service"
"Admin ramah responnya cepat, jam tangan sesuai deskripsi.",4,2026-01-22 16:14:08,admin ramah responnya cepat jam tangan sesuai deskripsi,admin ramah responnya cepat jam tangan sesuai deskripsi,Positive,"Shipping/Delivery,Customer Service"
"hp bgs, packing aman pake bubble wrap.",5,2026-05-22 01:14:08,hp bgs packing aman pake bubble wrap,hp bagus pengemasan aman pakai bubble wrap,Positive,"Packaging/Condition,Product Quality"
"Kecewa, jam tangan cacat tdk sesuai gambar.",1,2026-06-07 22:14:08,kecewa jam tangan cacat tdk sesuai gambar,kecewa jam tangan cacat tidak sesuai gambar,Negative,Product Quality
"tas bagus, packing aman pake bubble wrap.",5,2025-11-04 09:14:08,tas bagus packing aman pake bubble wrap,tas bagus pengemasan aman pakai bubble wrap,Positive,"Packaging/Condition,Product Quality"
"Pengiriman cepat bgt, sepatu original.",5,2026-06-05 06:14:08,pengiriman cepat bgt sepatu original,pengiriman cepat banget sepatu original,Positive,"Shipping/Delivery,Product Quality"
"Bagus bgt, kurir juga ramah recommended seller.",4,2026-08-13 06:14:08,bagus bgt kurir juga ramah recommended seller,bagus banget kurir juga ramah recommended seller,Positive,"Shipping/Delivery,Product Quality,Customer Service"
"Kecewa, hp cacat tidak sesuai gambar.",2,2025-11-30 19:14:08,kecewa hp cacat tidak sesuai gambar,kecewa hp cacat tidak sesuai gambar,Negative,Product Quality
"Bagus bgt, kurir juga ramah recommended seller.",4,2026-07-10 18:14:08,bagus bgt kurir juga ramah recommended seller,bagus banget kurir juga ramah recommended seller,Positive,"Shipping/Delivery,Product Quality,Customer Service"
"Gpp lah, agak lama tapi tas masih utuh.",3,2026-08-24 19:14:08,gpp lah agak lama tapi tas masih utuh,tidak apa-apa lah agak lama tapi tas masih utuh,Neutral,"Shipping/Delivery,Product Quality"
"skincare bgs, packing aman pake bubble wrap.",5,2026-07-29 23:14:08,skincare bgs packing aman pake bubble wrap,skincare bagus pengemasan aman pakai bubble wrap,Positive,"Packaging/Condition,Product Quality"
"Bagus bgt, kurir juga ramah recommended seller.",5,2026-04-09 19:14:08,bagus bgt kurir juga ramah recommended seller,bagus banget kurir juga ramah recommended seller,Positive,"Shipping/Delivery,Product Quality,Customer Service"
"Bagus bgt, kurir juga ramah recommended seller.",5,2025-10-23 15:14:08,bagus bgt kurir juga ramah recommended seller,bagus banget kurir juga ramah recommended seller,Positive,"Shipping/Delivery,Product Quality,Customer Service"
"Admin acuh, respon lambat, skincare sptnya tiruan.",2,2026-01-30 11:14:08,admin acuh respon lambat skincare sptnya tiruan,admin acuh respon lambat skincare sptnya tiruan,Negative,"Shipping/Delivery,Product Quality,Customer Service"
"sepatu bagus, packing aman pake bubble wrap.",5,2026-07-02 04:14:08,sepatu bagus packing aman pake bubble wrap,sepatu bagus pengemasan aman pakai bubble wrap,Positive,"Packaging/Condition,Product Quality"
"Mantap, tas kualitasnya original juara.",5,2026-03-16 04:14:08,mantap tas kualitasnya original juara,mantap tas kualitasnya original juara,Positive,Product Quality
"Gpp lah, agak lama tapi tas masih utuh.",3,2026-04-09 15:14:08,gpp lah agak lama tapi tas masih utuh,tidak apa-apa lah agak lama tapi tas masih utuh,Neutral,"Shipping/Delivery,Product Quality"
"Bagus bgt, kurir juga ramah recommended seller.",5,2026-02-13 16:14:08,bagus bgt kurir juga ramah recommended seller,bagus banget kurir juga ramah recommended seller,Positive,"Shipping/Delivery,Product Quality,Customer Service"
"Kecewa, skincare cacat tdk sesuai gambar.",1,2025-12-06 15:14:08,kecewa skincare cacat tdk sesuai gambar,kecewa skincare cacat tidak sesuai gambar,Negative,Product Quality
"Admin ramah responnya cepat, tas sesuai deskripsi.",5,2025-12-19 06:14:08,admin ramah responnya cepat tas sesuai deskripsi,admin ramah responnya cepat tas sesuai deskripsi,Positive,"Shipping/Delivery,Customer Service"
"Pengiriman cepat bgt, tas original.",5,2025-12-22 02:14:08,pengiriman cepat bgt tas original,pengiriman cepat banget tas original,Positive,"Shipping/Delivery,Product Quality"
"Pengiriman cepat bgt, skincare original.",4,2026-04-02 00:14:08,pengiriman cepat bgt skincare original,pengiriman cepat banget skincare original,Positive,"Shipping/Delivery,Product Quality"
"Mantap, baju kualitasnya original juara.",5,2025-09-27 04:14:08,mantap baju kualitasnya original juara,mantap baju kualitasnya original juara,Positive,Product Quality
"Mantap, jam tangan kualitasnya original juara.",5,2026-03-10 04:14:08,mantap jam tangan kualitasnya original juara,mantap jam tangan kualitasnya original juara,Positive,Product Quality
"Mantap, hp kualitasnya original juara.",5,2025-12-06 04:14:08,mantap hp kualitasnya original juara,mantap hp kualitasnya original juara,Positive,Product Quality
"Sesuai harga, hp cukup oke, admin biasa aja.",3,2025-10-27 04:14:08,sesuai harga hp cukup oke admin biasa aja,sesuai harga hp cukup oke admin biasa aja,Neutral,Customer Service
"skincare cacat, packing rusak dan bocor.",2,2026-04-24 17:14:08,skincare cacat packing rusak dan bocor,skincare cacat pengemasan rusak dan bocor,Negative,"Packaging/Condition,Product Quality"
"Bagus bgt, kurir juga ramah recommended seller.",4,2026-06-19 17:14:08,bagus bgt kurir juga ramah recommended seller,bagus banget kurir juga ramah recommended seller,Positive,"Shipping/Delivery,Product Quality,Customer Service"
"jam tangan bagus, packing aman pake bubble wrap.",5,2025-12-23 14:14:08,jam tangan bagus packing aman pake bubble wrap,jam tangan bagus pengemasan aman pakai bubble wrap,Positive,"Packaging/Condition,Product Quality"
"Admin acuh, respon lambat, hp sptnya tiruan.",1,2026-01-08 12:14:08,admin acuh respon lambat hp sptnya tiruan,admin acuh respon lambat hp sptnya tiruan,Negative,"Shipping/Delivery,Product Quality,Customer Service"
"hp sampai dengan selamat, original sih tapi pengiriman lambat.",3,2025-11-07 11:14:08,hp sampai dengan selamat original sih tapi pengiriman lambat,hp sampai dengan selamat original sih tapi pengiriman lambat,Neutral,"Shipping/Delivery,Product Quality"
"Pengiriman cepat banget, tas original.",5,2026-03-27 17:14:08,pengiriman cepat banget tas original,pengiriman cepat banget tas original,Positive,"Shipping/Delivery,Product Quality"
"tas bagus, packing aman pake bubble wrap.",4,2026-08-06 06:14:08,tas bagus packing aman pake bubble wrap,tas bagus pengemasan aman pakai bubble wrap,Positive,"Packaging/Condition,Product Quality"
"Pengirimannya lama bgt, abang kurir lambat, hp penyok.",1,2025-11-03 23:14:08,pengirimannya lama bgt abang kurir lambat hp penyok,pengiriman lama banget abang kurir lambat hp penyok,Negative,"Shipping/Delivery,Packaging/Condition"
"skincare bgs, packing aman pake bubble wrap.",5,2026-01-26 04:14:08,skincare bgs packing aman pake bubble wrap,skincare bagus pengemasan aman pakai bubble wrap,Positive,"Packaging/Condition,Product Quality"
"sepatu cacat, packing rusak dan bocor.",2,2026-04-05 00:14:08,sepatu cacat packing rusak dan bocor,sepatu cacat pengemasan rusak dan bocor,Negative,"Packaging/Condition,Product Quality"
"Kurir lambat, baju hancur pas sampai ga pake bubble wrap.",2,2026-07-16 18:14:08,kurir lambat baju hancur pas sampai ga pake bubble wrap,kurir lambat baju hancur pas sampai tidak pakai bubble wrap,Negative,"Shipping/Delivery,Packaging/Condition"
"Mantap, tas kualitasnya original juara.",5,2026-03-19 14:14:08,mantap tas kualitasnya original juara,mantap tas kualitasnya original juara,Positive,Product Quality
"Bagus bgt, kurir juga ramah recommended seller.",5,2026-03-19 18:14:08,bagus bgt kurir juga ramah recommended seller,bagus banget kurir juga ramah recommended seller,Positive,"Shipping/Delivery,Product Quality,Customer Service"
"Kurir lambat, jam tangan hancur pas sampai ga pake bubble wrap.",1,2025-12-18 04:14:08,kurir lambat jam tangan hancur pas sampai ga pake bubble wrap,kurir lambat jam tangan hancur pas sampai tidak pakai bubble wrap,Negative,"Shipping/Delivery,Packaging/Condition"
"Pengiriman cepat bgt, tas original.",5,2026-03-22 06:14:08,pengiriman cepat bgt tas original,pengiriman cepat banget tas original,Positive,"Shipping/Delivery,Product Quality"
"Admin ramah responnya cepat, skincare sesuai deskripsi.",4,2026-06-07 20:14:08,admin ramah responnya cepat skincare sesuai deskripsi,admin ramah responnya cepat skincare sesuai deskripsi,Positive,"Shipping/Delivery,Customer Service"
"Pengiriman cepat banget, hp original.",4,2026-09-03 06:14:08,pengiriman cepat banget hp original,pengiriman cepat banget hp original,Positive,"Shipping/Delivery,Product Quality"
"Mantap, skincare kualitasnya original juara.",5,2026-07-04 03:14:08,mantap skincare kualitasnya original juara,mantap skincare kualitasnya original juara,Positive,Product Quality
"Mantap, jam tangan kualitasnya original juara.",4,2026-01-27 06:14:08,mantap jam tangan kualitasnya original juara,mantap jam tangan kualitasnya original juara,Positive,Product Quality
"Mantap, skincare kualitasnya original juara.",5,2026-02-06 22:14:08,mantap skincare kualitasnya original juara,mantap skincare kualitasnya original juara,Positive,Product Quality
"Bagus bgt, kurir juga ramah recommended seller.",4,2026-08-21 20:14:08,bagus bgt kurir juga ramah recommended seller,bagus banget kurir juga ramah recommended seller,Positive,"Shipping/Delivery,Product Quality,Customer Service"
"Admin acuh, respon lambat, baju sptnya tiruan.",2,2025-09-24 12:14:08,admin acuh respon lambat baju sptnya tiruan,admin acuh respon lambat baju sptnya tiruan,Negative,"Shipping/Delivery,Product Quality,Customer Service"
"Kecewa, sepatu cacat tidak sesuai gambar.",1,2025-12-20 20:14:08,kecewa sepatu cacat tidak sesuai gambar,kecewa sepatu cacat tidak sesuai gambar,Negative,Product Quality
"Bagus bgt, abang kurir juga ramah recommended seller.",5,2026-05-18 19:14:08,bagus bgt abang kurir juga ramah recommended seller,bagus banget abang kurir juga ramah recommended seller,Positive,"Shipping/Delivery,Product Quality,Customer Service"
"jam tangan bgs, packing aman pake bubble wrap.",5,2025-10-09 02:14:08,jam tangan bgs packing aman pake bubble wrap,jam tangan bagus pengemasan aman pakai bubble wrap,Positive,"Packaging/Condition,Product Quality"
"Admin ramah responnya cepat, baju sesuai deskripsi.",5,2026-03-01 09:14:08,admin ramah responnya cepat baju sesuai deskripsi,admin ramah responnya cepat baju sesuai deskripsi,Positive,"Shipping/Delivery,Customer Service"
"Mantap, jam tangan kualitasnya original juara.",5,2026-08-26 16:14:08,mantap jam tangan kualitasnya original juara,mantap jam tangan kualitasnya original juara,Positive,Product Quality
"tas sampai dengan selamat, original sih tapi pengirimannya lambat.",3,2026-07-28 07:14:08,tas sampai dengan selamat original sih tapi pengirimannya lambat,tas sampai dengan selamat original sih tapi pengiriman lambat,Neutral,"Shipping/Delivery,Product Quality"
"Kecewa, sepatu cacat tidak sesuai gambar.",2,2026-09-17 13:14:08,kecewa sepatu cacat tidak sesuai gambar,kecewa sepatu cacat tidak sesuai gambar,Negative,Product Quality
"Kurir lambat, baju hancur pas sampai ga pake bubble wrap.",1,2026-03-06 04:14:08,kurir lambat baju hancur pas sampai ga pake bubble wrap,kurir lambat baju hancur pas sampai tidak pakai bubble wrap,Negative,"Shipping/Delivery,Packaging/Condition"
"Mantap, skincare kualitasnya original juara.",5,2026-01-01 15:14:08,mantap skincare kualitasnya original juara,mantap skincare kualitasnya original juara,Positive,Product Quality
"baju bagus, packing aman pake bubble wrap.",5,2026-09-04 07:14:08,baju bagus packing aman pake bubble wrap,baju bagus pengemasan aman pakai bubble wrap,Positive,"Packaging/Condition,Product Quality"
"Pengiriman cepat bgt, jam tangan original.",5,2025-10-13 22:14:08,pengiriman cepat bgt jam tangan original,pengiriman cepat banget jam tangan original,Positive,"Shipping/Delivery,Product Quality"
"baju cacat, packing rusak dan bocor.",1,2026-01-26 12:14:08,baju cacat packing rusak dan bocor,baju cacat pengemasan rusak dan bocor,Negative,"Packaging/Condition,Product Quality"
"Pengiriman cepat bgt, baju original.",5,2025-10-06 12:14:08,pengiriman cepat bgt baju original,pengiriman cepat banget baju original,Positive,"Shipping/Delivery,Product Quality"
"Bagus bgt, abang kurir juga ramah recommended seller.",4,2025-12-04 12:14:08,bagus bgt abang kurir juga ramah recommended seller,bagus banget abang kurir juga ramah recommended seller,Positive,"Shipping/Delivery,Product Quality,Customer Service"
"hp cacat, packing rusak dan bocor.",2,2025-09-29 07:14:08,hp cacat packing rusak dan bocor,hp cacat pengemasan rusak dan bocor,Negative,"Packaging/Condition,Product Quality"
"Mantap, tas kualitasnya original juara.",5,2026-02-11 00:14:08,mantap tas kualitasnya original juara,mantap tas kualitasnya original juara,Positive,Product Quality
"Mantap, hp kualitasnya original juara.",4,2026-05-08 22:14:08,mantap hp kualitasnya original juara,mantap hp kualitasnya original juara,Positive,Product Quality
"Sesuai harga, hp cukup oke, admin biasa aja.",3,2025-11-26 15:14:08,sesuai harga hp cukup oke admin biasa aja,sesuai harga hp cukup oke admin biasa aja,Neutral,Customer Service
"jam tangan bgs, packing aman pake bubble wrap.",5,2026-02-23 03:14:08,jam tangan bgs packing aman pake bubble wrap,jam tangan bagus pengemasan aman pakai bubble wrap,Positive,"Packaging/Condition,Product Quality"
"Admin ramah responnya cepat, skincare sesuai deskripsi.",4,2026-01-17 04:14:08,admin ramah responnya cepat skincare sesuai deskripsi,admin ramah responnya cepat skincare sesuai deskripsi,Positive,"Shipping/Delivery,Customer Service"
"Admin acuh, respon lambat, baju sptnya tiruan.",1,2025-11-19 14:14:08,admin acuh respon lambat baju sptnya tiruan,admin acuh respon lambat baju sptnya tiruan,Negative,"Shipping/Delivery,Product Quality,Customer Service"
"hp bagus, packing aman pake bubble wrap.",4,2026-08-10 19:14:08,hp bagus packing aman pake bubble wrap,hp bagus pengemasan aman pakai bubble wrap,Positive,"Packaging/Condition,Product Quality"
"Mantap, jam tangan kualitasnya original juara.",4,2026-03-04 04:14:08,mantap jam tangan kualitasnya original juara,mantap jam tangan kualitasnya original juara,Positive,Product Quality
"Mantap, skincare kualitasnya original juara.",5,2026-07-05 19:14:08,mantap skincare kualitasnya original juara,mantap skincare kualitasnya original juara,Positive,Product Quality
"Pengiriman cepat bgt, tas original.",4,2026-07-26 17:14:08,pengiriman cepat bgt tas original,pengiriman cepat banget tas original,Positive,"Shipping/Delivery,Product Quality"
"Bagus bgt, abang kurir juga ramah recommended seller.",5,2026-02-15 08:14:08,bagus bgt abang kurir juga ramah recommended seller,bagus banget abang kurir juga ramah recommended seller,Positive,"Shipping/Delivery,Product Quality,Customer Service"
"Admin acuh, respon lambat, hp sepertinya tiruan.",1,2025-10-23 08:14:08,admin acuh respon lambat hp sepertinya tiruan,admin acuh respon lambat hp sepertinya tiruan,Negative,"Shipping/Delivery,Product Quality,Customer Service"
"tas bgs, packing aman pake bubble wrap.",5,2025-10-17 13:14:08,tas bgs packing aman pake bubble wrap,tas bagus pengemasan aman pakai bubble wrap,Positive,"Packaging/Condition,Product Quality"
"Pengiriman cepat banget, tas original.",5,2025-09-28 23:14:08,pengiriman cepat banget tas original,pengiriman cepat banget tas original,Positive,"Shipping/Delivery,Product Quality"
"Admin ramah responnya cepat, sepatu sesuai deskripsi.",5,2026-04-27 20:14:08,admin ramah responnya cepat sepatu sesuai deskripsi,admin ramah responnya cepat sepatu sesuai deskripsi,Positive,"Shipping/Delivery,Customer Service"
"Mantap, sepatu kualitasnya original juara.",4,2025-09-30 08:14:08,mantap sepatu kualitasnya original juara,mantap sepatu kualitasnya original juara,Positive,Product Quality
"Sesuai harga, jam tangan cukup oke, admin biasa aja.",3,2026-05-22 17:14:08,sesuai harga jam tangan cukup oke admin biasa aja,sesuai harga jam tangan cukup oke admin biasa aja,Neutral,Customer Service
"baju bgs, packing aman pake bubble wrap.",5,2026-08-17 07:14:08,baju bgs packing aman pake bubble wrap,baju bagus pengemasan aman pakai bubble wrap,Positive,"Packaging/Condition,Product Quality"
"Kurir lambat, jam tangan hancur pas sampai ga pake bubble wrap.",2,2026-05-08 02:14:08,kurir lambat jam tangan hancur pas sampai ga pake bubble wrap,kurir lambat jam tangan hancur pas sampai tidak pakai bubble wrap,Negative,"Shipping/Delivery,Packaging/Condition"
"Kurir lambat, baju hancur pas sampai ga pake bubble wrap.",2,2026-01-17 18:14:08,kurir lambat baju hancur pas sampai ga pake bubble wrap,kurir lambat baju hancur pas sampai tidak pakai bubble wrap,Negative,"Shipping/Delivery,Packaging/Condition"
"Kecewa, skincare cacat tidak sesuai gambar.",1,2026-08-01 17:14:08,kecewa skincare cacat tidak sesuai gambar,kecewa skincare cacat tidak sesuai gambar,Negative,Product Quality
"Admin ramah responnya cepat, baju sesuai deskripsi.",5,2025-12-31 06:14:08,admin ramah responnya cepat baju sesuai deskripsi,admin ramah responnya cepat baju sesuai deskripsi,Positive,"Shipping/Delivery,Customer Service"
"baju cacat, packing rusak dan bocor.",1,2026-03-02 06:14:08,baju cacat packing rusak dan bocor,baju cacat pengemasan rusak dan bocor,Negative,"Packaging/Condition,Product Quality"
"Pengiriman cepat bgt, sepatu original.",5,2025-09-21 18:14:08,pengiriman cepat bgt sepatu original,pengiriman cepat banget sepatu original,Positive,"Shipping/Delivery,Product Quality"
"Kurir lambat, skincare hancur pas sampai ga pake bubble wrap.",2,2026-02-10 01:14:08,kurir lambat skincare hancur pas sampai ga pake bubble wrap,kurir lambat skincare hancur pas sampai tidak pakai bubble wrap,Negative,"Shipping/Delivery,Packaging/Condition"
"Mantap, baju kualitasnya original juara.",4,2025-11-10 07:14:08,mantap baju kualitasnya original juara,mantap baju kualitasnya original juara,Positive,Product Quality
"Admin ramah responnya cepat, baju sesuai deskripsi.",4,2025-11-01 03:14:08,admin ramah responnya cepat baju sesuai deskripsi,admin ramah responnya cepat baju sesuai deskripsi,Positive,"Shipping/Delivery,Customer Service"
"sepatu bgs, packing aman pake bubble wrap.",5,2026-03-10 04:14:08,sepatu bgs packing aman pake bubble wrap,sepatu bagus pengemasan aman pakai bubble wrap,Positive,"Packaging/Condition,Product Quality"
"Mantap, skincare kualitasnya original juara.",5,2025-11-21 22:14:08,mantap skincare kualitasnya original juara,mantap skincare kualitasnya original juara,Positive,Product Quality
"Sesuai harga, skincare cukup oke, admin biasa aja.",3,2026-09-05 02:14:08,sesuai harga skincare cukup oke admin biasa aja,sesuai harga skincare cukup oke admin biasa aja,Neutral,Customer Service
"Admin ramah responnya cepat, hp sesuai deskripsi.",5,2026-03-29 01:14:08,admin ramah responnya cepat hp sesuai deskripsi,admin ramah responnya cepat hp sesuai deskripsi,Positive,"Shipping/Delivery,Customer Service"
"Sesuai harga, jam tangan cukup oke, admin biasa aja.",3,2026-02-11 06:14:08,sesuai harga jam tangan cukup oke admin biasa aja,sesuai harga jam tangan cukup oke admin biasa aja,Neutral,Customer Service
"Admin acuh, respon lambat, baju sptnya tiruan.",1,2026-02-06 18:14:08,admin acuh respon lambat baju sptnya tiruan,admin acuh respon lambat baju sptnya tiruan,Negative,"Shipping/Delivery,Product Quality,Customer Service"
"Admin acuh, respon lambat, tas sptnya tiruan.",2,2026-05-03 02:14:08,admin acuh respon lambat tas sptnya tiruan,admin acuh respon lambat tas sptnya tiruan,Negative,"Shipping/Delivery,Product Quality,Customer Service"
"Mantap, tas kualitasnya original juara.",5,2026-01-31 17:14:08,mantap tas kualitasnya original juara,mantap tas kualitasnya original juara,Positive,Product Quality
"Bagus bgt, kurir juga ramah recommended seller.",4,2026-08-13 13:14:08,bagus bgt kurir juga ramah recommended seller,bagus banget kurir juga ramah recommended seller,Positive,"Shipping/Delivery,Product Quality,Customer Service"
"Pengirimannya lama bgt, abang kurir lambat, hp penyok.",1,2026-01-15 06:14:08,pengirimannya lama bgt abang kurir lambat hp penyok,pengiriman lama banget abang kurir lambat hp penyok,Negative,"Shipping/Delivery,Packaging/Condition"
"Bagus bgt, kurir juga ramah recommended seller.",4,2026-02-02 15:14:08,bagus bgt kurir juga ramah recommended seller,bagus banget kurir juga ramah recommended seller,Positive,"Shipping/Delivery,Product Quality,Customer Service"
"Pengiriman cepat banget, jam tangan original.",4,2026-03-16 09:14:08,pengiriman cepat banget jam tangan original,pengiriman cepat banget jam tangan original,Positive,"Shipping/Delivery,Product Quality"
"Mantap, baju kualitasnya original juara.",4,2025-10-08 14:14:08,mantap baju kualitasnya original juara,mantap baju kualitasnya original juara,Positive,Product Quality
"Pengiriman cepat bgt, sepatu original.",5,2025-11-30 03:14:08,pengiriman cepat bgt sepatu original,pengiriman cepat banget sepatu original,Positive,"Shipping/Delivery,Product Quality"
"Pengirimannya lama bgt, abang kurir lambat, hp penyok.",1,2026-04-16 04:14:08,pengirimannya lama bgt abang kurir lambat hp penyok,pengiriman lama banget abang kurir lambat hp penyok,Negative,"Shipping/Delivery,Packaging/Condition"
"Pengiriman cepat bgt, jam tangan original.",4,2026-02-14 19:14:08,pengiriman cepat bgt jam tangan original,pengiriman cepat banget jam tangan original,Positive,"Shipping/Delivery,Product Quality"
"Admin ramah responnya cepat, tas sesuai deskripsi.",5,2026-05-03 02:14:08,admin ramah responnya cepat tas sesuai deskripsi,admin ramah responnya cepat tas sesuai deskripsi,Positive,"Shipping/Delivery,Customer Service"
"Bagus bgt, kurir juga ramah recommended seller.",4,2025-10-09 12:14:08,bagus bgt kurir juga ramah recommended seller,bagus banget kurir juga ramah recommended seller,Positive,"Shipping/Delivery,Product Quality,Customer Service"
"Kurir lambat, jam tangan hancur pas sampai ga pake bubble wrap.",2,2026-07-03 15:14:08,kurir lambat jam tangan hancur pas sampai ga pake bubble wrap,kurir lambat jam tangan hancur pas sampai tidak pakai bubble wrap,Negative,"Shipping/Delivery,Packaging/Condition"
"Kecewa, tas cacat tdk sesuai gambar.",1,2026-02-25 09:14:08,kecewa tas cacat tdk sesuai gambar,kecewa tas cacat tidak sesuai gambar,Negative,Product Quality
"Pengirimannya lama banget, kurir lambat, skincare penyok.",1,2026-05-09 20:14:08,pengirimannya lama banget kurir lambat skincare penyok,pengiriman lama banget kurir lambat skincare penyok,Negative,"Shipping/Delivery,Packaging/Condition"
"Admin acuh, respon lambat, tas sepertinya tiruan.",1,2025-09-21 19:14:08,admin acuh respon lambat tas sepertinya tiruan,admin acuh respon lambat tas sepertinya tiruan,Negative,"Shipping/Delivery,Product Quality,Customer Service"
"jam tangan bgs, packing aman pake bubble wrap.",5,2025-10-06 23:14:08,jam tangan bgs packing aman pake bubble wrap,jam tangan bagus pengemasan aman pakai bubble wrap,Positive,"Packaging/Condition,Product Quality"
"Admin acuh, respon lambat, hp sptnya tiruan.",1,2026-09-11 09:14:08,admin acuh respon lambat hp sptnya tiruan,admin acuh respon lambat hp sptnya tiruan,Negative,"Shipping/Delivery,Product Quality,Customer Service"
"jam tangan bgs, packing aman pake bubble wrap.",4,2026-01-03 22:14:08,jam tangan bgs packing aman pake bubble wrap,jam tangan bagus pengemasan aman pakai bubble wrap,Positive,"Packaging/Condition,Product Quality"
"jam tangan cacat, packing rusak dan bocor.",1,2026-09-15 07:14:08,jam tangan cacat packing rusak dan bocor,jam tangan cacat pengemasan rusak dan bocor,Negative,"Packaging/Condition,Product Quality"
"Gpp lah, agak lama tapi jam tangan masih utuh.",3,2026-05-11 17:14:08,gpp lah agak lama tapi jam tangan masih utuh,tidak apa-apa lah agak lama tapi jam tangan masih utuh,Neutral,"Shipping/Delivery,Product Quality"
"Admin ramah responnya cepat, tas sesuai deskripsi.",4,2026-04-24 22:14:08,admin ramah responnya cepat tas sesuai deskripsi,admin ramah responnya cepat tas sesuai deskripsi,Positive,"Shipping/Delivery,Customer Service"
"tas cacat, packing rusak dan bocor.",1,2026-03-16 23:14:08,tas cacat packing rusak dan bocor,tas cacat pengemasan rusak dan bocor,Negative,"Packaging/Condition,Product Quality"
"Mantap, sepatu kualitasnya original juara.",5,2026-09-01 19:14:08,mantap sepatu kualitasnya original juara,mantap sepatu kualitasnya original juara,Positive,Product Quality
"hp bagus, packing aman pake bubble wrap.",5,2026-07-22 16:14:08,hp bagus packing aman pake bubble wrap,hp bagus pengemasan aman pakai bubble wrap,Positive,"Packaging/Condition,Product Quality"
"Admin ramah responnya cepat, tas sesuai deskripsi.",5,2025-11-25 21:14:08,admin ramah responnya cepat tas sesuai deskripsi,admin ramah responnya cepat tas sesuai deskripsi,Positive,"Shipping/Delivery,Customer Service"
"Pengiriman cepat bgt, baju original.",5,2026-08-03 02:14:08,pengiriman cepat bgt baju original,pengiriman cepat banget baju original,Positive,"Shipping/Delivery,Product Quality"
"Admin ramah responnya cepat, jam tangan sesuai deskripsi.",5,2025-12-22 18:14:08,admin ramah responnya cepat jam tangan sesuai deskripsi,admin ramah responnya cepat jam tangan sesuai deskripsi,Positive,"Shipping/Delivery,Customer Service"
hp lumayan lah buat harga segini.,3,2026-07-20 00:14:08,hp lumayan lah buat harga segini,hp lumayan lah buat harga segini,Neutral,General
"Admin acuh, respon lambat, baju sepertinya tiruan.",1,2025-12-21 06:14:08,admin acuh respon lambat baju sepertinya tiruan,admin acuh respon lambat baju sepertinya tiruan,Negative,"Shipping/Delivery,Product Quality,Customer Service"
"Bagus bgt, abang kurir juga ramah recommended seller.",5,2025-11-26 18:14:08,bagus bgt abang kurir juga ramah recommended seller,bagus banget abang kurir juga ramah recommended seller,Positive,"Shipping/Delivery,Product Quality,Customer Service"
"Admin ramah responnya cepat, sepatu sesuai deskripsi.",5,2026-07-18 01:14:08,admin ramah responnya cepat sepatu sesuai deskripsi,admin ramah responnya cepat sepatu sesuai deskripsi,Positive,"Shipping/Delivery,Customer Service"
"Admin ramah responnya cepat, skincare sesuai deskripsi.",5,2026-08-21 07:14:08,admin ramah responnya cepat skincare sesuai deskripsi,admin ramah responnya cepat skincare sesuai deskripsi,Positive,"Shipping/Delivery,Customer Service"
"Pengiriman cepat banget, tas original.",4,2026-03-31 23:14:08,pengiriman cepat banget tas original,pengiriman cepat banget tas original,Positive,"Shipping/Delivery,Product Quality"
"Pengiriman cepat banget, sepatu original.",5,2026-05-09 12:14:08,pengiriman cepat banget sepatu original,pengiriman cepat banget sepatu original,Positive,"Shipping/Delivery,Product Quality"
"Pengiriman cepat bgt, sepatu original.",5,2026-01-17 03:14:08,pengiriman cepat bgt sepatu original,pengiriman cepat banget sepatu original,Positive,"Shipping/Delivery,Product Quality"
"Bagus bgt, abang kurir juga ramah recommended seller.",5,2025-10-27 23:14:08,bagus bgt abang kurir juga ramah recommended seller,bagus banget abang kurir juga ramah recommended seller,Positive,"Shipping/Delivery,Product Quality,Customer Service"
"Admin ramah responnya cepat, skincare sesuai deskripsi.",5,2025-12-27 04:14:08,admin ramah responnya cepat skincare sesuai deskripsi,admin ramah responnya cepat skincare sesuai deskripsi,Positive,"Shipping/Delivery,Customer Service"
sepatu lumayan lah buat harga segini.,3,2025-09-21 11:14:08,sepatu lumayan lah buat harga segini,sepatu lumayan lah buat harga segini,Neutral,General
"Bagus bgt, kurir juga ramah recommended seller.",4,2026-06-04 05:14:08,bagus bgt kurir juga ramah recommended seller,bagus banget kurir juga ramah recommended seller,Positive,"Shipping/Delivery,Product Quality,Customer Service"
"Pengirimannya lama bgt, abang kurir lambat, sepatu penyok.",1,2026-07-05 15:14:08,pengirimannya lama bgt abang kurir lambat sepatu penyok,pengiriman lama banget abang kurir lambat sepatu penyok,Negative,"Shipping/Delivery,Packaging/Condition"
"Pengirimannya lama banget, kurir lambat, sepatu penyok.",1,2025-11-24 05:14:08,pengirimannya lama banget kurir lambat sepatu penyok,pengiriman lama banget kurir lambat sepatu penyok,Negative,"Shipping/Delivery,Packaging/Condition"
"Admin acuh, respon lambat, jam tangan sptnya tiruan.",1,2026-06-15 02:14:08,admin acuh respon lambat jam tangan sptnya tiruan,admin acuh respon lambat jam tangan sptnya tiruan,Negative,"Shipping/Delivery,Product Quality,Customer Service"
"Mantap, tas kualitasnya original juara.",4,2026-02-19 22:14:08,mantap tas kualitasnya original juara,mantap tas kualitasnya original juara,Positive,Product Quality
"Kurir lambat, skincare hancur pas sampai ga pake bubble wrap.",1,2026-04-18 10:14:08,kurir lambat skincare hancur pas sampai ga pake bubble wrap,kurir lambat skincare hancur pas sampai tidak pakai bubble wrap,Negative,"Shipping/Delivery,Packaging/Condition"
"Admin acuh, respon lambat, jam tangan sepertinya tiruan.",1,2026-08-18 13:14:08,admin acuh respon lambat jam tangan sepertinya tiruan,admin acuh respon lambat jam tangan sepertinya tiruan,Negative,"Shipping/Delivery,Product Quality,Customer Service"
"Admin ramah responnya cepat, baju sesuai deskripsi.",4,2025-10-21 15:14:08,admin ramah responnya cepat baju sesuai deskripsi,admin ramah responnya cepat baju sesuai deskripsi,Positive,"Shipping/Delivery,Customer Service"
"Admin acuh, respon lambat, baju sepertinya tiruan.",1,2025-10-14 08:14:08,admin acuh respon lambat baju sepertinya tiruan,admin acuh respon lambat baju sepertinya tiruan,Negative,"Shipping/Delivery,Product Quality,Customer Service"
"Mantap, tas kualitasnya original juara.",5,2026-03-09 12:14:08,mantap tas kualitasnya original juara,mantap tas kualitasnya original juara,Positive,Product Quality
"hp sampai dengan selamat, original sih tapi pengiriman lambat.",3,2025-11-27 22:14:08,hp sampai dengan selamat original sih tapi pengiriman lambat,hp sampai dengan selamat original sih tapi pengiriman lambat,Neutral,"Shipping/Delivery,Product Quality"
"Bagus bgt, kurir juga ramah recommended seller.",5,2025-12-12 23:14:08,bagus bgt kurir juga ramah recommended seller,bagus banget kurir juga ramah recommended seller,Positive,"Shipping/Delivery,Product Quality,Customer Service"
"Sesuai harga, baju cukup oke, admin biasa aja.",3,2026-04-01 00:14:08,sesuai harga baju cukup oke admin biasa aja,sesuai harga baju cukup oke admin biasa aja,Neutral,Customer Service
"Mantap, tas kualitasnya original juara.",4,2026-07-11 12:14:08,mantap tas kualitasnya original juara,mantap tas kualitasnya original juara,Positive,Product Quality
"Mantap, sepatu kualitasnya original juara.",5,2026-02-18 21:14:08,mantap sepatu kualitasnya original juara,mantap sepatu kualitasnya original juara,Positive,Product Quality
"baju bgs, packing aman pake bubble wrap.",5,2025-11-17 23:14:08,baju bgs packing aman pake bubble wrap,baju bagus pengemasan aman pakai bubble wrap,Positive,"Packaging/Condition,Product Quality"
"Biasa aja, pengirimannya standar.",3,2026-05-09 01:14:08,biasa aja pengirimannya standar,biasa aja pengiriman standar,Neutral,Shipping/Delivery
"Pengiriman cepat bgt, baju original.",4,2026-07-21 18:14:08,pengiriman cepat bgt baju original,pengiriman cepat banget baju original,Positive,"Shipping/Delivery,Product Quality"
"Pengiriman cepat bgt, baju original.",4,2026-03-15 12:14:08,pengiriman cepat bgt baju original,pengiriman cepat banget baju original,Positive,"Shipping/Delivery,Product Quality"
"hp bagus, packing aman pake bubble wrap.",4,2026-01-10 22:14:08,hp bagus packing aman pake bubble wrap,hp bagus pengemasan aman pakai bubble wrap,Positive,"Packaging/Condition,Product Quality"
"Biasa aja, pengiriman standar.",3,2026-04-13 19:14:08,biasa aja pengiriman standar,biasa aja pengiriman standar,Neutral,Shipping/Delivery
"Admin acuh, respon lambat, sepatu sptnya tiruan.",1,2025-11-16 12:14:08,admin acuh respon lambat sepatu sptnya tiruan,admin acuh respon lambat sepatu sptnya tiruan,Negative,"Shipping/Delivery,Product Quality,Customer Service"
"Pengiriman cepat banget, hp original.",5,2025-10-14 16:14:08,pengiriman cepat banget hp original,pengiriman cepat banget hp original,Positive,"Shipping/Delivery,Product Quality"
"hp bagus, packing aman pake bubble wrap.",4,2026-01-16 18:14:08,hp bagus packing aman pake bubble wrap,hp bagus pengemasan aman pakai bubble wrap,Positive,"Packaging/Condition,Product Quality"
"Kecewa, sepatu cacat tidak sesuai gambar.",1,2025-10-26 05:14:08,kecewa sepatu cacat tidak sesuai gambar,kecewa sepatu cacat tidak sesuai gambar,Negative,Product Quality
"jam tangan cacat, packing rusak dan bocor.",1,2026-06-25 16:14:08,jam tangan cacat packing rusak dan bocor,jam tangan cacat pengemasan rusak dan bocor,Negative,"Packaging/Condition,Product Quality"
"Pengiriman cepat banget, sepatu original.",4,2026-07-29 10:14:08,pengiriman cepat banget sepatu original,pengiriman cepat banget sepatu original,Positive,"Shipping/Delivery,Product Quality"
"Admin ramah responnya cepat, skincare sesuai deskripsi.",5,2026-08-03 17:14:08,admin ramah responnya cepat skincare sesuai deskripsi,admin ramah responnya cepat skincare sesuai deskripsi,Positive,"Shipping/Delivery,Customer Service"
"Mantap, skincare kualitasnya original juara.",5,2026-05-07 15:14:08,mantap skincare kualitasnya original juara,mantap skincare kualitasnya original juara,Positive,Product Quality
"Bagus bgt, kurir juga ramah recommended seller.",5,2026-07-20 05:14:08,bagus bgt kurir juga ramah recommended seller,bagus banget kurir juga ramah recommended seller,Positive,"Shipping/Delivery,Product Quality,Customer Service"
"Pengirimannya lama banget, kurir lambat, jam tangan penyok.",1,2025-11-23 06:14:08,pengirimannya lama banget kurir lambat jam tangan penyok,pengiriman lama banget kurir lambat jam tangan penyok,Negative,"Shipping/Delivery,Packaging/Condition"
"tas sampai dengan selamat, original sih tapi pengirimannya lambat.",3,2025-12-12 09:14:08,tas sampai dengan selamat original sih tapi pengirimannya lambat,tas sampai dengan selamat original sih tapi pengiriman lambat,Neutral,"Shipping/Delivery,Product Quality"
"Admin ramah responnya cepat, sepatu sesuai deskripsi.",4,2026-02-01 13:14:08,admin ramah responnya cepat sepatu sesuai deskripsi,admin ramah responnya cepat sepatu sesuai deskripsi,Positive,"Shipping/Delivery,Customer Service"
"Admin ramah responnya cepat, skincare sesuai deskripsi.",4,2026-06-06 18:14:08,admin ramah responnya cepat skincare sesuai deskripsi,admin ramah responnya cepat skincare sesuai deskripsi,Positive,"Shipping/Delivery,Customer Service"
"Kurir lambat, tas hancur pas sampai ga pake bubble wrap.",1,2026-02-17 07:14:08,kurir lambat tas hancur pas sampai ga pake bubble wrap,kurir lambat tas hancur pas sampai tidak pakai bubble wrap,Negative,"Shipping/Delivery,Packaging/Condition"
"Bagus bgt, abang kurir juga ramah recommended seller.",4,2025-12-31 12:14:08,bagus bgt abang kurir juga ramah recommended seller,bagus banget abang kurir juga ramah recommended seller,Positive,"Shipping/Delivery,Product Quality,Customer Service"
"Kurir lambat, jam tangan hancur pas sampai ga pake bubble wrap.",1,2026-02-16 17:14:08,kurir lambat jam tangan hancur pas sampai ga pake bubble wrap,kurir lambat jam tangan hancur pas sampai tidak pakai bubble wrap,Negative,"Shipping/Delivery,Packaging/Condition"
"Gpp lah, agak lama tapi sepatu masih utuh.",3,2026-08-06 03:14:08,gpp lah agak lama tapi sepatu masih utuh,tidak apa-apa lah agak lama tapi sepatu masih utuh,Neutral,"Shipping/Delivery,Product Quality"
"baju bagus, packing aman pake bubble wrap.",4,2026-01-22 07:14:08,baju bagus packing aman pake bubble wrap,baju bagus pengemasan aman pakai bubble wrap,Positive,"Packaging/Condition,Product Quality"
"jam tangan sampai dengan selamat, original sih tapi pengirimannya lambat.",3,2025-10-21 06:14:08,jam tangan sampai dengan selamat original sih tapi pengirimannya lambat,jam tangan sampai dengan selamat original sih tapi pengiriman lambat,Neutral,"Shipping/Delivery,Product Quality"
"Biasa aja, pengirimannya standar.",3,2026-05-20 20:14:08,biasa aja pengirimannya standar,biasa aja pengiriman standar,Neutral,Shipping/Delivery
"Pengiriman cepat bgt, skincare original.",4,2026-05-23 04:14:08,pengiriman cepat bgt skincare original,pengiriman cepat banget skincare original,Positive,"Shipping/Delivery,Product Quality"
"sepatu bagus, packing aman pake bubble wrap.",5,2025-10-11 11:14:08,sepatu bagus packing aman pake bubble wrap,sepatu bagus pengemasan aman pakai bubble wrap,Positive,"Packaging/Condition,Product Quality"
"Admin ramah responnya cepat, hp sesuai deskripsi.",5,2026-03-24 16:14:08,admin ramah responnya cepat hp sesuai deskripsi,admin ramah responnya cepat hp sesuai deskripsi,Positive,"Shipping/Delivery,Customer Service"
jam tangan lumayan lah buat harga segini.,3,2025-10-11 20:14:08,jam tangan lumayan lah buat harga segini,jam tangan lumayan lah buat harga segini,Neutral,General
"Mantap, baju kualitasnya original juara.",4,2026-06-02 07:14:08,mantap baju kualitasnya original juara,mantap baju kualitasnya original juara,Positive,Product Quality
"Kurir lambat, skincare hancur pas sampai ga pake bubble wrap.",2,2025-12-26 16:14:08,kurir lambat skincare hancur pas sampai ga pake bubble wrap,kurir lambat skincare hancur pas sampai tidak pakai bubble wrap,Negative,"Shipping/Delivery,Packaging/Condition"
"Pengiriman cepat banget, skincare original.",5,2026-08-25 19:14:08,pengiriman cepat banget skincare original,pengiriman cepat banget skincare original,Positive,"Shipping/Delivery,Product Quality"
"Admin ramah responnya cepat, skincare sesuai deskripsi.",5,2026-04-21 13:14:08,admin ramah responnya cepat skincare sesuai deskripsi,admin ramah responnya cepat skincare sesuai deskripsi,Positive,"Shipping/Delivery,Customer Service"
"Pengiriman cepat banget, sepatu original.",4,2026-04-19 18:14:08,pengiriman cepat banget sepatu original,pengiriman cepat banget sepatu original,Positive,"Shipping/Delivery,Product Quality"
"Pengiriman cepat bgt, sepatu original.",4,2026-09-14 18:14:08,pengiriman cepat bgt sepatu original,pengiriman cepat banget sepatu original,Positive,"Shipping/Delivery,Product Quality"
"Pengiriman cepat bgt, skincare original.",5,2026-01-14 03:14:08,pengiriman cepat bgt skincare original,pengiriman cepat banget skincare original,Positive,"Shipping/Delivery,Product Quality"
"skincare cacat, packing rusak dan bocor.",1,2026-01-18 06:14:08,skincare cacat packing rusak dan bocor,skincare cacat pengemasan rusak dan bocor,Negative,"Packaging/Condition,Product Quality"
"Pengiriman cepat banget, sepatu original.",5,2025-12-23 11:14:08,pengiriman cepat banget sepatu original,pengiriman cepat banget sepatu original,Positive,"Shipping/Delivery,Product Quality"
"Admin ramah responnya cepat, skincare sesuai deskripsi.",5,2026-09-07 11:14:08,admin ramah responnya cepat skincare sesuai deskripsi,admin ramah responnya cepat skincare sesuai deskripsi,Positive,"Shipping/Delivery,Customer Service"
"Sesuai harga, jam tangan cukup oke, admin biasa aja.",3,2026-05-17 11:14:08,sesuai harga jam tangan cukup oke admin biasa aja,sesuai harga jam tangan cukup oke admin biasa aja,Neutral,Customer Service
"Bagus bgt, kurir juga ramah recommended seller.",5,2026-01-21 03:14:08,bagus bgt kurir juga ramah recommended seller,bagus banget kurir juga ramah recommended seller,Positive,"Shipping/Delivery,Product Quality,Customer Service"
"Gpp lah, agak lama tapi sepatu masih utuh.",3,2026-04-23 08:14:08,gpp lah agak lama tapi sepatu masih utuh,tidak apa-apa lah agak lama tapi sepatu masih utuh,Neutral,"Shipping/Delivery,Product Quality"
"Admin ramah responnya cepat, baju sesuai deskripsi.",5,2025-10-28 13:14:08,admin ramah responnya cepat baju sesuai deskripsi,admin ramah responnya cepat baju sesuai deskripsi,Positive,"Shipping/Delivery,Customer Service"
"Pengiriman cepat banget, sepatu original.",5,2026-05-16 08:14:08,pengiriman cepat banget sepatu original,pengiriman cepat banget sepatu original,Positive,"Shipping/Delivery,Product Quality"
"Pengirimannya lama bgt, abang kurir lambat, skincare penyok.",1,2026-09-14 02:14:08,pengirimannya lama bgt abang kurir lambat skincare penyok,pengiriman lama banget abang kurir lambat skincare penyok,Negative,"Shipping/Delivery,Packaging/Condition"
"Biasa aja, pengiriman standar.",3,2026-08-25 09:14:08,biasa aja pengiriman standar,biasa aja pengiriman standar,Neutral,Shipping/Delivery
tas lumayan lah buat harga segini.,3,2026-02-04 06:14:08,tas lumayan lah buat harga segini,tas lumayan lah buat harga segini,Neutral,General
"Biasa aja, pengiriman standar.",3,2026-02-26 06:14:08,biasa aja pengiriman standar,biasa aja pengiriman standar,Neutral,Shipping/Delivery
"sepatu bgs, packing aman pake bubble wrap.",4,2026-06-06 18:14:08,sepatu bgs packing aman pake bubble wrap,sepatu bagus pengemasan aman pakai bubble wrap,Positive,"Packaging/Condition,Product Quality"
"Gpp lah, agak lama tapi baju masih utuh.",3,2026-03-21 22:14:08,gpp lah agak lama tapi baju masih utuh,tidak apa-apa lah agak lama tapi baju masih utuh,Neutral,"Shipping/Delivery,Product Quality"
"Pengirimannya lama bgt, abang kurir lambat, jam tangan penyok.",1,2026-05-06 00:14:08,pengirimannya lama bgt abang kurir lambat jam tangan penyok,pengiriman lama banget abang kurir lambat jam tangan penyok,Negative,"Shipping/Delivery,Packaging/Condition"
"Admin ramah responnya cepat, hp sesuai deskripsi.",5,2025-10-22 14:14:08,admin ramah responnya cepat hp sesuai deskripsi,admin ramah responnya cepat hp sesuai deskripsi,Positive,"Shipping/Delivery,Customer Service"
"Bagus bgt, kurir juga ramah recommended seller.",5,2025-09-24 01:14:08,bagus bgt kurir juga ramah recommended seller,bagus banget kurir juga ramah recommended seller,Positive,"Shipping/Delivery,Product Quality,Customer Service"
"Kurir lambat, tas hancur pas sampai ga pake bubble wrap.",2,2026-07-08 08:14:08,kurir lambat tas hancur pas sampai ga pake bubble wrap,kurir lambat tas hancur pas sampai tidak pakai bubble wrap,Negative,"Shipping/Delivery,Packaging/Condition"
"Mantap, skincare kualitasnya original juara.",5,2025-11-18 15:14:08,mantap skincare kualitasnya original juara,mantap skincare kualitasnya original juara,Positive,Product Quality
"hp bgs, packing aman pake bubble wrap.",5,2026-06-13 15:14:08,hp bgs packing aman pake bubble wrap,hp bagus pengemasan aman pakai bubble wrap,Positive,"Packaging/Condition,Product Quality"
"sepatu bgs, packing aman pake bubble wrap.",4,2026-03-13 15:14:08,sepatu bgs packing aman pake bubble wrap,sepatu bagus pengemasan aman pakai bubble wrap,Positive,"Packaging/Condition,Product Quality"
"sepatu bgs, packing aman pake bubble wrap.",5,2026-02-18 20:14:08,sepatu bgs packing aman pake bubble wrap,sepatu bagus pengemasan aman pakai bubble wrap,Positive,"Packaging/Condition,Product Quality"
jam tangan lumayan lah buat harga segini.,3,2025-11-11 08:14:08,jam tangan lumayan lah buat harga segini,jam tangan lumayan lah buat harga segini,Neutral,General
"Pengirimannya lama bgt, abang kurir lambat, tas penyok.",1,2025-12-12 10:14:08,pengirimannya lama bgt abang kurir lambat tas penyok,pengiriman lama banget abang kurir lambat tas penyok,Negative,"Shipping/Delivery,Packaging/Condition"
"tas bagus, packing aman pake bubble wrap.",5,2026-06-19 06:14:08,tas bagus packing aman pake bubble wrap,tas bagus pengemasan aman pakai bubble wrap,Positive,"Packaging/Condition,Product Quality"
"Kecewa, tas cacat tdk sesuai gambar.",1,2025-11-10 09:14:08,kecewa tas cacat tdk sesuai gambar,kecewa tas cacat tidak sesuai gambar,Negative,Product Quality
"Biasa aja, pengiriman standar.",3,2026-06-07 04:14:08,biasa aja pengiriman standar,biasa aja pengiriman standar,Neutral,Shipping/Delivery
"jam tangan bgs, packing aman pake bubble wrap.",5,2025-11-10 22:14:08,jam tangan bgs packing aman pake bubble wrap,jam tangan bagus pengemasan aman pakai bubble wrap,Positive,"Packaging/Condition,Product Quality"
"Mantap, hp kualitasnya original juara.",4,2026-07-31 01:14:08,mantap hp kualitasnya original juara,mantap hp kualitasnya original juara,Positive,Product Quality
"Admin ramah responnya cepat, hp sesuai deskripsi.",5,2026-03-31 02:14:08,admin ramah responnya cepat hp sesuai deskripsi,admin ramah responnya cepat hp sesuai deskripsi,Positive,"Shipping/Delivery,Customer Service"
"Admin ramah responnya cepat, jam tangan sesuai deskripsi.",5,2025-11-12 04:14:08,admin ramah responnya cepat jam tangan sesuai deskripsi,admin ramah responnya cepat jam tangan sesuai deskripsi,Positive,"Shipping/Delivery,Customer Service"
tas lumayan lah buat harga segini.,3,2026-08-28 21:14:08,tas lumayan lah buat harga segini,tas lumayan lah buat harga segini,Neutral,General
"sepatu sampai dengan selamat, original sih tapi pengirimannya lambat.",3,2025-12-12 10:14:08,sepatu sampai dengan selamat original sih tapi pengirimannya lambat,sepatu sampai dengan selamat original sih tapi pengiriman lambat,Neutral,"Shipping/Delivery,Product Quality"
"Bagus bgt, abang kurir juga ramah recommended seller.",5,2026-08-26 11:14:08,bagus bgt abang kurir juga ramah recommended seller,bagus banget abang kurir juga ramah recommended seller,Positive,"Shipping/Delivery,Product Quality,Customer Service"
"Kecewa, jam tangan cacat tidak sesuai gambar.",1,2026-01-26 12:14:08,kecewa jam tangan cacat tidak sesuai gambar,kecewa jam tangan cacat tidak sesuai gambar,Negative,Product Quality
"Pengirimannya lama bgt, abang kurir lambat, baju penyok.",1,2026-02-16 10:14:08,pengirimannya lama bgt abang kurir lambat baju penyok,pengiriman lama banget abang kurir lambat baju penyok,Negative,"Shipping/Delivery,Packaging/Condition"
"jam tangan bgs, packing aman pake bubble wrap.",5,2025-10-08 10:14:08,jam tangan bgs packing aman pake bubble wrap,jam tangan bagus pengemasan aman pakai bubble wrap,Positive,"Packaging/Condition,Product Quality"
"Bagus bgt, kurir juga ramah recommended seller.",5,2026-07-26 12:14:08,bagus bgt kurir juga ramah recommended seller,bagus banget kurir juga ramah recommended seller,Positive,"Shipping/Delivery,Product Quality,Customer Service"
"sepatu bgs, packing aman pake bubble wrap.",5,2026-01-28 18:14:08,sepatu bgs packing aman pake bubble wrap,sepatu bagus pengemasan aman pakai bubble wrap,Positive,"Packaging/Condition,Product Quality"
"hp cacat, packing rusak dan bocor.",2,2026-03-23 01:14:08,hp cacat packing rusak dan bocor,hp cacat pengemasan rusak dan bocor,Negative,"Packaging/Condition,Product Quality"
"Kurir lambat, baju hancur pas sampai ga pake bubble wrap.",2,2026-04-30 23:14:08,kurir lambat baju hancur pas sampai ga pake bubble wrap,kurir lambat baju hancur pas sampai tidak pakai bubble wrap,Negative,"Shipping/Delivery,Packaging/Condition"
"Kurir lambat, hp hancur pas sampai ga pake bubble wrap.",1,2026-05-16 09:14:08,kurir lambat hp hancur pas sampai ga pake bubble wrap,kurir lambat hp hancur pas sampai tidak pakai bubble wrap,Negative,"Shipping/Delivery,Packaging/Condition"
"Admin acuh, respon lambat, sepatu sptnya tiruan.",1,2026-08-03 16:14:08,admin acuh respon lambat sepatu sptnya tiruan,admin acuh respon lambat sepatu sptnya tiruan,Negative,"Shipping/Delivery,Product Quality,Customer Service"
"Bagus bgt, abang kurir juga ramah recommended seller.",5,2025-11-29 18:14:08,bagus bgt abang kurir juga ramah recommended seller,bagus banget abang kurir juga ramah recommended seller,Positive,"Shipping/Delivery,Product Quality,Customer Service"
"Pengiriman cepat banget, tas original.",5,2025-09-20 07:14:08,pengiriman cepat banget tas original,pengiriman cepat banget tas original,Positive,"Shipping/Delivery,Product Quality"
"hp bagus, packing aman pake bubble wrap.",5,2025-10-03 13:14:08,hp bagus packing aman pake bubble wrap,hp bagus pengemasan aman pakai bubble wrap,Positive,"Packaging/Condition,Product Quality"
"Mantap, skincare kualitasnya original juara.",5,2026-07-06 00:14:08,mantap skincare kualitasnya original juara,mantap skincare kualitasnya original juara,Positive,Product Quality
"Mantap, tas kualitasnya original juara.",5,2026-04-24 18:14:08,mantap tas kualitasnya original juara,mantap tas kualitasnya original juara,Positive,Product Quality
"Mantap, hp kualitasnya original juara.",5,2026-05-26 05:14:08,mantap hp kualitasnya original juara,mantap hp kualitasnya original juara,Positive,Product Quality
"Kurir lambat, hp hancur pas sampai ga pake bubble wrap.",1,2025-11-02 19:14:08,kurir lambat hp hancur pas sampai ga pake bubble wrap,kurir lambat hp hancur pas sampai tidak pakai bubble wrap,Negative,"Shipping/Delivery,Packaging/Condition"
"Sesuai harga, tas cukup oke, admin biasa aja.",3,2026-03-29 10:14:08,sesuai harga tas cukup oke admin biasa aja,sesuai harga tas cukup oke admin biasa aja,Neutral,Customer Service
"baju bagus, packing aman pake bubble wrap.",4,2025-10-02 09:14:08,baju bagus packing aman pake bubble wrap,baju bagus pengemasan aman pakai bubble wrap,Positive,"Packaging/Condition,Product Quality"
"hp bgs, packing aman pake bubble wrap.",4,2026-01-14 09:14:08,hp bgs packing aman pake bubble wrap,hp bagus pengemasan aman pakai bubble wrap,Positive,"Packaging/Condition,Product Quality"
"Admin ramah responnya cepat, jam tangan sesuai deskripsi.",4,2026-04-13 17:14:08,admin ramah responnya cepat jam tangan sesuai deskripsi,admin ramah responnya cepat jam tangan sesuai deskripsi,Positive,"Shipping/Delivery,Customer Service"
"Admin ramah responnya cepat, jam tangan sesuai deskripsi.",5,2026-07-09 12:14:08,admin ramah responnya cepat jam tangan sesuai deskripsi,admin ramah responnya cepat jam tangan sesuai deskripsi,Positive,"Shipping/Delivery,Customer Service"
"Admin ramah responnya cepat, skincare sesuai deskripsi.",5,2026-07-30 16:14:08,admin ramah responnya cepat skincare sesuai deskripsi,admin ramah responnya cepat skincare sesuai deskripsi,Positive,"Shipping/Delivery,Customer Service"
"skincare sampai dengan selamat, original sih tapi pengiriman lambat.",3,2026-02-15 19:14:08,skincare sampai dengan selamat original sih tapi pengiriman lambat,skincare sampai dengan selamat original sih tapi pengiriman lambat,Neutral,"Shipping/Delivery,Product Quality"
"Pengirimannya lama banget, kurir lambat, hp penyok.",1,2026-06-15 17:14:08,pengirimannya lama banget kurir lambat hp penyok,pengiriman lama banget kurir lambat hp penyok,Negative,"Shipping/Delivery,Packaging/Condition"
"hp bgs, packing aman pake bubble wrap.",5,2026-07-22 09:14:08,hp bgs packing aman pake bubble wrap,hp bagus pengemasan aman pakai bubble wrap,Positive,"Packaging/Condition,Product Quality"
"Kecewa, baju cacat tidak sesuai gambar.",1,2026-04-18 01:14:08,kecewa baju cacat tidak sesuai gambar,kecewa baju cacat tidak sesuai gambar,Negative,Product Quality
"Mantap, baju kualitasnya original juara.",4,2026-04-30 22:14:08,mantap baju kualitasnya original juara,mantap baju kualitasnya original juara,Positive,Product Quality
"Mantap, tas kualitasnya original juara.",4,2025-10-07 09:14:08,mantap tas kualitasnya original juara,mantap tas kualitasnya original juara,Positive,Product Quality
"Mantap, tas kualitasnya original juara.",5,2026-03-29 23:14:08,mantap tas kualitasnya original juara,mantap tas kualitasnya original juara,Positive,Product Quality
"skincare sampai dengan selamat, original sih tapi pengiriman lambat.",3,2026-07-25 10:14:08,skincare sampai dengan selamat original sih tapi pengiriman lambat,skincare sampai dengan selamat original sih tapi pengiriman lambat,Neutral,"Shipping/Delivery,Product Quality"
"Mantap, skincare kualitasnya original juara.",4,2026-08-15 23:14:08,mantap skincare kualitasnya original juara,mantap skincare kualitasnya original juara,Positive,Product Quality
"Sesuai harga, hp cukup oke, admin biasa aja.",3,2026-09-15 08:14:08,sesuai harga hp cukup oke admin biasa aja,sesuai harga hp cukup oke admin biasa aja,Neutral,Customer Service
"Kecewa, baju cacat tidak sesuai gambar.",2,2025-11-12 11:14:08,kecewa baju cacat tidak sesuai gambar,kecewa baju cacat tidak sesuai gambar,Negative,Product Quality
"jam tangan bagus, packing aman pake bubble wrap.",5,2026-01-28 08:14:08,jam tangan bagus packing aman pake bubble wrap,jam tangan bagus pengemasan aman pakai bubble wrap,Positive,"Packaging/Condition,Product Quality"
"jam tangan bagus, packing aman pake bubble wrap.",5,2026-06-25 05:14:08,jam tangan bagus packing aman pake bubble wrap,jam tangan bagus pengemasan aman pakai bubble wrap,Positive,"Packaging/Condition,Product Quality"
"Admin acuh, respon lambat, hp sepertinya tiruan.",1,2026-07-10 17:14:08,admin acuh respon lambat hp sepertinya tiruan,admin acuh respon lambat hp sepertinya tiruan,Negative,"Shipping/Delivery,Product Quality,Customer Service"
"tas cacat, packing rusak dan bocor.",2,2026-02-16 19:14:08,tas cacat packing rusak dan bocor,tas cacat pengemasan rusak dan bocor,Negative,"Packaging/Condition,Product Quality"
"jam tangan bagus, packing aman pake bubble wrap.",5,2025-12-21 15:14:08,jam tangan bagus packing aman pake bubble wrap,jam tangan bagus pengemasan aman pakai bubble wrap,Positive,"Packaging/Condition,Product Quality"
"Pengiriman cepat bgt, tas original.",5,2025-12-06 18:14:08,pengiriman cepat bgt tas original,pengiriman cepat banget tas original,Positive,"Shipping/Delivery,Product Quality"
"Admin ramah responnya cepat, jam tangan sesuai deskripsi.",4,2025-10-29 09:14:08,admin ramah responnya cepat jam tangan sesuai deskripsi,admin ramah responnya cepat jam tangan sesuai deskripsi,Positive,"Shipping/Delivery,Customer Service"
"baju bgs, packing aman pake bubble wrap.",5,2026-07-17 02:14:08,baju bgs packing aman pake bubble wrap,baju bagus pengemasan aman pakai bubble wrap,Positive,"Packaging/Condition,Product Quality"
"Admin ramah responnya cepat, jam tangan sesuai deskripsi.",5,2026-03-13 08:14:08,admin ramah responnya cepat jam tangan sesuai deskripsi,admin ramah responnya cepat jam tangan sesuai deskripsi,Positive,"Shipping/Delivery,Customer Service"
"Gpp lah, agak lama tapi tas masih utuh.",3,2026-01-22 12:14:08,gpp lah agak lama tapi tas masih utuh,tidak apa-apa lah agak lama tapi tas masih utuh,Neutral,"Shipping/Delivery,Product Quality"
"Admin ramah responnya cepat, jam tangan sesuai deskripsi.",5,2025-11-23 06:14:08,admin ramah responnya cepat jam tangan sesuai deskripsi,admin ramah responnya cepat jam tangan sesuai deskripsi,Positive,"Shipping/Delivery,Customer Service"
"Pengiriman cepat banget, skincare original.",5,2026-02-04 06:14:08,pengiriman cepat banget skincare original,pengiriman cepat banget skincare original,Positive,"Shipping/Delivery,Product Quality"
"Pengirimannya lama bgt, abang kurir lambat, skincare penyok.",1,2026-03-13 04:14:08,pengirimannya lama bgt abang kurir lambat skincare penyok,pengiriman lama banget abang kurir lambat skincare penyok,Negative,"Shipping/Delivery,Packaging/Condition"
"Admin ramah responnya cepat, hp sesuai deskripsi.",5,2026-09-04 06:14:08,admin ramah responnya cepat hp sesuai deskripsi,admin ramah responnya cepat hp sesuai deskripsi,Positive,"Shipping/Delivery,Customer Service"
"Pengiriman cepat banget, tas original.",4,2026-08-02 17:14:08,pengiriman cepat banget tas original,pengiriman cepat banget tas original,Positive,"Shipping/Delivery,Product Quality"
"Bagus bgt, abang kurir juga ramah recommended seller.",5,2026-03-20 05:14:08,bagus bgt abang kurir juga ramah recommended seller,bagus banget abang kurir juga ramah recommended seller,Positive,"Shipping/Delivery,Product Quality,Customer Service"
"skincare cacat, packing rusak dan bocor.",2,2025-12-12 21:14:08,skincare cacat packing rusak dan bocor,skincare cacat pengemasan rusak dan bocor,Negative,"Packaging/Condition,Product Quality"
"skincare bagus, packing aman pake bubble wrap.",5,2025-09-27 20:14:08,skincare bagus packing aman pake bubble wrap,skincare bagus pengemasan aman pakai bubble wrap,Positive,"Packaging/Condition,Product Quality"
"Bagus bgt, abang kurir juga ramah recommended seller.",5,2025-12-22 04:14:08,bagus bgt abang kurir juga ramah recommended seller,bagus banget abang kurir juga ramah recommended seller,Positive,"Shipping/Delivery,Product Quality,Customer Service"
"sepatu bgs, packing aman pake bubble wrap.",5,2026-03-06 12:14:08,sepatu bgs packing aman pake bubble wrap,sepatu bagus pengemasan aman pakai bubble wrap,Positive,"Packaging/Condition,Product Quality"
"Pengirimannya lama bgt, abang kurir lambat, hp penyok.",1,2026-03-31 13:14:08,pengirimannya lama bgt abang kurir lambat hp penyok,pengiriman lama banget abang kurir lambat hp penyok,Negative,"Shipping/Delivery,Packaging/Condition"
"Admin ramah responnya cepat, skincare sesuai deskripsi.",5,2026-02-21 09:14:08,admin ramah responnya cepat skincare sesuai deskripsi,admin ramah responnya cepat skincare sesuai deskripsi,Positive,"Shipping/Delivery,Customer Service"
"Pengiriman cepat banget, jam tangan original.",5,2025-11-26 11:14:08,pengiriman cepat banget jam tangan original,pengiriman cepat banget jam tangan original,Positive,"Shipping/Delivery,Product Quality"
"Sesuai harga, jam tangan cukup oke, admin biasa aja.",3,2025-12-25 03:14:08,sesuai harga jam tangan cukup oke admin biasa aja,sesuai harga jam tangan cukup oke admin biasa aja,Neutral,Customer Service
"Pengiriman cepat banget, skincare original.",5,2025-10-04 12:14:08,pengiriman cepat banget skincare original,pengiriman cepat banget skincare original,Positive,"Shipping/Delivery,Product Quality"
"Gpp lah, agak lama tapi sepatu masih utuh.",3,2025-10-19 11:14:08,gpp lah agak lama tapi sepatu masih utuh,tidak apa-apa lah agak lama tapi sepatu masih utuh,Neutral,"Shipping/Delivery,Product Quality"
"skincare bagus, packing aman pake bubble wrap.",5,2026-08-26 22:14:08,skincare bagus packing aman pake bubble wrap,skincare bagus pengemasan aman pakai bubble wrap,Positive,"Packaging/Condition,Product Quality"
"skincare bgs, packing aman pake bubble wrap.",5,2026-01-09 09:14:08,skincare bgs packing aman pake bubble wrap,skincare bagus pengemasan aman pakai bubble wrap,Positive,"Packaging/Condition,Product Quality"
"Bagus bgt, kurir juga ramah recommended seller.",5,2025-10-17 04:14:08,bagus bgt kurir juga ramah recommended seller,bagus banget kurir juga ramah recommended seller,Positive,"Shipping/Delivery,Product Quality,Customer Service"
"Bagus bgt, abang kurir juga ramah recommended seller.",5,2026-07-06 16:14:08,bagus bgt abang kurir juga ramah recommended seller,bagus banget abang kurir juga ramah recommended seller,Positive,"Shipping/Delivery,Product Quality,Customer Service"
"Bagus bgt, abang kurir juga ramah recommended seller.",4,2026-02-23 17:14:08,bagus bgt abang kurir juga ramah recommended seller,bagus banget abang kurir juga ramah recommended seller,Positive,"Shipping/Delivery,Product Quality,Customer Service"
"Sesuai harga, jam tangan cukup oke, admin biasa aja.",3,2026-06-21 06:14:08,sesuai harga jam tangan cukup oke admin biasa aja,sesuai harga jam tangan cukup oke admin biasa aja,Neutral,Customer Service
"Bagus bgt, abang kurir juga ramah recommended seller.",5,2026-01-08 15:14:08,bagus bgt abang kurir juga ramah recommended seller,bagus banget abang kurir juga ramah recommended seller,Positive,"Shipping/Delivery,Product Quality,Customer Service"
"Mantap, baju kualitasnya original juara.",5,2026-01-26 20:14:08,mantap baju kualitasnya original juara,mantap baju kualitasnya original juara,Positive,Product Quality
"Pengiriman cepat bgt, tas original.",5,2025-11-24 15:14:08,pengiriman cepat bgt tas original,pengiriman cepat banget tas original,Positive,"Shipping/Delivery,Product Quality"
sepatu lumayan lah buat harga segini.,3,2026-09-20 06:14:08,sepatu lumayan lah buat harga segini,sepatu lumayan lah buat harga segini,Neutral,General
"Bagus bgt, kurir juga ramah recommended seller.",5,2026-01-01 20:14:08,bagus bgt kurir juga ramah recommended seller,bagus banget kurir juga ramah recommended seller,Positive,"Shipping/Delivery,Product Quality,Customer Service"
"Bagus bgt, kurir juga ramah recommended seller.",5,2026-04-19 21:14:08,bagus bgt kurir juga ramah recommended seller,bagus banget kurir juga ramah recommended seller,Positive,"Shipping/Delivery,Product Quality,Customer Service"
"skincare cacat, packing rusak dan bocor.",1,2025-10-18 13:14:08,skincare cacat packing rusak dan bocor,skincare cacat pengemasan rusak dan bocor,Negative,"Packaging/Condition,Product Quality"
"Sesuai harga, sepatu cukup oke, admin biasa aja.",3,2026-09-04 00:14:08,sesuai harga sepatu cukup oke admin biasa aja,sesuai harga sepatu cukup oke admin biasa aja,Neutral,Customer Service
"baju bgs, packing aman pake bubble wrap.",5,2026-01-29 06:14:08,baju bgs packing aman pake bubble wrap,baju bagus pengemasan aman pakai bubble wrap,Positive,"Packaging/Condition,Product Quality"
sepatu lumayan lah buat harga segini.,3,2025-12-09 13:14:08,sepatu lumayan lah buat harga segini,sepatu lumayan lah buat harga segini,Neutral,General
"Pengiriman cepat bgt, tas original.",4,2026-06-10 23:14:08,pengiriman cepat bgt tas original,pengiriman cepat banget tas original,Positive,"Shipping/Delivery,Product Quality"
"Admin acuh, respon lambat, skincare sepertinya tiruan.",1,2025-12-20 00:14:08,admin acuh respon lambat skincare sepertinya tiruan,admin acuh respon lambat skincare sepertinya tiruan,Negative,"Shipping/Delivery,Product Quality,Customer Service"
"Mantap, hp kualitasnya original juara.",4,2025-10-26 15:14:08,mantap hp kualitasnya original juara,mantap hp kualitasnya original juara,Positive,Product Quality
"baju bgs, packing aman pake bubble wrap.",5,2026-05-02 21:14:08,baju bgs packing aman pake bubble wrap,baju bagus pengemasan aman pakai bubble wrap,Positive,"Packaging/Condition,Product Quality"
"Pengiriman cepat bgt, hp original.",5,2025-10-26 11:14:08,pengiriman cepat bgt hp original,pengiriman cepat banget hp original,Positive,"Shipping/Delivery,Product Quality"
"Admin ramah responnya cepat, hp sesuai deskripsi.",4,2026-01-18 04:14:08,admin ramah responnya cepat hp sesuai deskripsi,admin ramah responnya cepat hp sesuai deskripsi,Positive,"Shipping/Delivery,Customer Service"
"tas bgs, packing aman pake bubble wrap.",5,2025-10-11 12:14:08,tas bgs packing aman pake bubble wrap,tas bagus pengemasan aman pakai bubble wrap,Positive,"Packaging/Condition,Product Quality"
"Bagus bgt, kurir juga ramah recommended seller.",5,2026-04-23 19:14:08,bagus bgt kurir juga ramah recommended seller,bagus banget kurir juga ramah recommended seller,Positive,"Shipping/Delivery,Product Quality,Customer Service"
"Biasa aja, pengiriman standar.",3,2026-07-30 10:14:08,biasa aja pengiriman standar,biasa aja pengiriman standar,Neutral,Shipping/Delivery
"jam tangan cacat, packing rusak dan bocor.",1,2026-07-25 21:14:08,jam tangan cacat packing rusak dan bocor,jam tangan cacat pengemasan rusak dan bocor,Negative,"Packaging/Condition,Product Quality"
"Admin ramah responnya cepat, skincare sesuai deskripsi.",4,2026-02-09 14:14:08,admin ramah responnya cepat skincare sesuai deskripsi,admin ramah responnya cepat skincare sesuai deskripsi,Positive,"Shipping/Delivery,Customer Service"
"skincare cacat, packing rusak dan bocor.",1,2025-09-29 13:14:08,skincare cacat packing rusak dan bocor,skincare cacat pengemasan rusak dan bocor,Negative,"Packaging/Condition,Product Quality"
"tas bgs, packing aman pake bubble wrap.",5,2026-06-28 11:14:08,tas bgs packing aman pake bubble wrap,tas bagus pengemasan aman pakai bubble wrap,Positive,"Packaging/Condition,Product Quality"
"sepatu cacat, packing rusak dan bocor.",1,2025-10-21 21:14:08,sepatu cacat packing rusak dan bocor,sepatu cacat pengemasan rusak dan bocor,Negative,"Packaging/Condition,Product Quality"
"skincare cacat, packing rusak dan bocor.",2,2025-11-28 21:14:08,skincare cacat packing rusak dan bocor,skincare cacat pengemasan rusak dan bocor,Negative,"Packaging/Condition,Product Quality"
"Pengiriman cepat banget, baju original.",5,2025-11-08 12:14:08,pengiriman cepat banget baju original,pengiriman cepat banget baju original,Positive,"Shipping/Delivery,Product Quality"
"Kecewa, tas cacat tidak sesuai gambar.",2,2026-07-26 18:14:08,kecewa tas cacat tidak sesuai gambar,kecewa tas cacat tidak sesuai gambar,Negative,Product Quality
"Admin ramah responnya cepat, jam tangan sesuai deskripsi.",4,2025-11-05 14:14:08,admin ramah responnya cepat jam tangan sesuai deskripsi,admin ramah responnya cepat jam tangan sesuai deskripsi,Positive,"Shipping/Delivery,Customer Service"
"Admin ramah responnya cepat, sepatu sesuai deskripsi.",5,2026-03-15 08:14:08,admin ramah responnya cepat sepatu sesuai deskripsi,admin ramah responnya cepat sepatu sesuai deskripsi,Positive,"Shipping/Delivery,Customer Service"
"sepatu cacat, packing rusak dan bocor.",1,2026-05-18 13:14:08,sepatu cacat packing rusak dan bocor,sepatu cacat pengemasan rusak dan bocor,Negative,"Packaging/Condition,Product Quality"
"Admin acuh, respon lambat, jam tangan sepertinya tiruan.",2,2026-08-24 11:14:08,admin acuh respon lambat jam tangan sepertinya tiruan,admin acuh respon lambat jam tangan sepertinya tiruan,Negative,"Shipping/Delivery,Product Quality,Customer Service"
"Admin acuh, respon lambat, sepatu sptnya tiruan.",2,2026-09-19 19:14:08,admin acuh respon lambat sepatu sptnya tiruan,admin acuh respon lambat sepatu sptnya tiruan,Negative,"Shipping/Delivery,Product Quality,Customer Service"
"baju bgs, packing aman pake bubble wrap.",5,2026-01-20 11:14:08,baju bgs packing aman pake bubble wrap,baju bagus pengemasan aman pakai bubble wrap,Positive,"Packaging/Condition,Product Quality"
"Pengiriman cepat bgt, jam tangan original.",5,2025-10-27 18:14:08,pengiriman cepat bgt jam tangan original,pengiriman cepat banget jam tangan original,Positive,"Shipping/Delivery,Product Quality"
"Bagus bgt, kurir juga ramah recommended seller.",4,2026-07-24 09:14:08,bagus bgt kurir juga ramah recommended seller,bagus banget kurir juga ramah recommended seller,Positive,"Shipping/Delivery,Product Quality,Customer Service"
"skincare bagus, packing aman pake bubble wrap.",5,2026-04-30 13:14:08,skincare bagus packing aman pake bubble wrap,skincare bagus pengemasan aman pakai bubble wrap,Positive,"Packaging/Condition,Product Quality"
"Pengirimannya lama banget, kurir lambat, baju penyok.",1,2026-01-31 06:14:08,pengirimannya lama banget kurir lambat baju penyok,pengiriman lama banget kurir lambat baju penyok,Negative,"Shipping/Delivery,Packaging/Condition"
"Kurir lambat, skincare hancur pas sampai ga pake bubble wrap.",1,2025-11-08 18:14:08,kurir lambat skincare hancur pas sampai ga pake bubble wrap,kurir lambat skincare hancur pas sampai tidak pakai bubble wrap,Negative,"Shipping/Delivery,Packaging/Condition"
"Pengiriman cepat banget, skincare original.",5,2026-09-20 09:14:08,pengiriman cepat banget skincare original,pengiriman cepat banget skincare original,Positive,"Shipping/Delivery,Product Quality"
"jam tangan bgs, packing aman pake bubble wrap.",5,2025-11-28 19:14:08,jam tangan bgs packing aman pake bubble wrap,jam tangan bagus pengemasan aman pakai bubble wrap,Positive,"Packaging/Condition,Product Quality"
"Gpp lah, agak lama tapi jam tangan masih utuh.",3,2026-02-24 02:14:08,gpp lah agak lama tapi jam tangan masih utuh,tidak apa-apa lah agak lama tapi jam tangan masih utuh,Neutral,"Shipping/Delivery,Product Quality"
"Pengiriman cepat bgt, skincare original.",4,2026-03-18 00:14:08,pengiriman cepat bgt skincare original,pengiriman cepat banget skincare original,Positive,"Shipping/Delivery,Product Quality"
"Admin ramah responnya cepat, baju sesuai deskripsi.",5,2025-10-07 10:14:08,admin ramah responnya cepat baju sesuai deskripsi,admin ramah responnya cepat baju sesuai deskripsi,Positive,"Shipping/Delivery,Customer Service"
"Bagus bgt, abang kurir juga ramah recommended seller.",5,2026-06-17 12:14:08,bagus bgt abang kurir juga ramah recommended seller,bagus banget abang kurir juga ramah recommended seller,Positive,"Shipping/Delivery,Product Quality,Customer Service"
"jam tangan bgs, packing aman pake bubble wrap.",5,2026-02-03 04:14:08,jam tangan bgs packing aman pake bubble wrap,jam tangan bagus pengemasan aman pakai bubble wrap,Positive,"Packaging/Condition,Product Quality"
"Pengiriman cepat bgt, baju original.",5,2026-06-16 11:14:08,pengiriman cepat bgt baju original,pengiriman cepat banget baju original,Positive,"Shipping/Delivery,Product Quality"
"Pengirimannya lama banget, kurir lambat, baju penyok.",2,2025-11-14 08:14:08,pengirimannya lama banget kurir lambat baju penyok,pengiriman lama banget kurir lambat baju penyok,Negative,"Shipping/Delivery,Packaging/Condition"
"sepatu cacat, packing rusak dan bocor.",2,2025-11-24 09:14:08,sepatu cacat packing rusak dan bocor,sepatu cacat pengemasan rusak dan bocor,Negative,"Packaging/Condition,Product Quality"
"Pengirimannya lama banget, kurir lambat, hp penyok.",2,2026-03-31 07:14:08,pengirimannya lama banget kurir lambat hp penyok,pengiriman lama banget kurir lambat hp penyok,Negative,"Shipping/Delivery,Packaging/Condition"
"sepatu bagus, packing aman pake bubble wrap.",5,2025-11-11 10:14:08,sepatu bagus packing aman pake bubble wrap,sepatu bagus pengemasan aman pakai bubble wrap,Positive,"Packaging/Condition,Product Quality"
"Admin ramah responnya cepat, sepatu sesuai deskripsi.",4,2026-04-16 07:14:08,admin ramah responnya cepat sepatu sesuai deskripsi,admin ramah responnya cepat sepatu sesuai deskripsi,Positive,"Shipping/Delivery,Customer Service"
"Mantap, hp kualitasnya original juara.",5,2026-01-17 06:14:08,mantap hp kualitasnya original juara,mantap hp kualitasnya original juara,Positive,Product Quality
"Pengirimannya lama bgt, abang kurir lambat, tas penyok.",2,2026-06-20 15:14:08,pengirimannya lama bgt abang kurir lambat tas penyok,pengiriman lama banget abang kurir lambat tas penyok,Negative,"Shipping/Delivery,Packaging/Condition"
"Pengiriman cepat bgt, skincare original.",5,2025-10-14 17:14:08,pengiriman cepat bgt skincare original,pengiriman cepat banget skincare original,Positive,"Shipping/Delivery,Product Quality"
"Bagus bgt, abang kurir juga ramah recommended seller.",5,2026-07-16 07:14:08,bagus bgt abang kurir juga ramah recommended seller,bagus banget abang kurir juga ramah recommended seller,Positive,"Shipping/Delivery,Product Quality,Customer Service"
"skincare sampai dengan selamat, original sih tapi pengirimannya lambat.",3,2025-10-17 14:14:08,skincare sampai dengan selamat original sih tapi pengirimannya lambat,skincare sampai dengan selamat original sih tapi pengiriman lambat,Neutral,"Shipping/Delivery,Product Quality"
"Admin ramah responnya cepat, jam tangan sesuai deskripsi.",4,2026-07-15 23:14:08,admin ramah responnya cepat jam tangan sesuai deskripsi,admin ramah responnya cepat jam tangan sesuai deskripsi,Positive,"Shipping/Delivery,Customer Service"
"Biasa aja, pengirimannya standar.",3,2026-01-24 05:14:08,biasa aja pengirimannya standar,biasa aja pengiriman standar,Neutral,Shipping/Delivery
"Mantap, hp kualitasnya original juara.",5,2026-03-16 13:14:08,mantap hp kualitasnya original juara,mantap hp kualitasnya original juara,Positive,Product Quality
"Mantap, baju kualitasnya original juara.",5,2025-12-08 06:14:08,mantap baju kualitasnya original juara,mantap baju kualitasnya original juara,Positive,Product Quality
"Pengiriman cepat bgt, tas original.",4,2026-09-11 19:14:08,pengiriman cepat bgt tas original,pengiriman cepat banget tas original,Positive,"Shipping/Delivery,Product Quality"
"Kurir lambat, tas hancur pas sampai ga pake bubble wrap.",1,2026-05-12 21:14:08,kurir lambat tas hancur pas sampai ga pake bubble wrap,kurir lambat tas hancur pas sampai tidak pakai bubble wrap,Negative,"Shipping/Delivery,Packaging/Condition"
"Pengirimannya lama bgt, abang kurir lambat, skincare penyok.",2,2026-09-14 02:14:08,pengirimannya lama bgt abang kurir lambat skincare penyok,pengiriman lama banget abang kurir lambat skincare penyok,Negative,"Shipping/Delivery,Packaging/Condition"
"Pengiriman cepat bgt, jam tangan original.",5,2026-03-11 12:14:08,pengiriman cepat bgt jam tangan original,pengiriman cepat banget jam tangan original,Positive,"Shipping/Delivery,Product Quality"
"Bagus bgt, abang kurir juga ramah recommended seller.",5,2026-02-23 16:14:08,bagus bgt abang kurir juga ramah recommended seller,bagus banget abang kurir juga ramah recommended seller,Positive,"Shipping/Delivery,Product Quality,Customer Service"
"Admin ramah responnya cepat, baju sesuai deskripsi.",5,2026-01-30 11:14:08,admin ramah responnya cepat baju sesuai deskripsi,admin ramah responnya cepat baju sesuai deskripsi,Positive,"Shipping/Delivery,Customer Service"
"jam tangan cacat, packing rusak dan bocor.",2,2026-03-13 10:14:08,jam tangan cacat packing rusak dan bocor,jam tangan cacat pengemasan rusak dan bocor,Negative,"Packaging/Condition,Product Quality"
"Admin ramah responnya cepat, jam tangan sesuai deskripsi.",5,2026-07-19 12:14:08,admin ramah responnya cepat jam tangan sesuai deskripsi,admin ramah responnya cepat jam tangan sesuai deskripsi,Positive,"Shipping/Delivery,Customer Service"
"Pengiriman cepat bgt, sepatu original.",5,2025-11-16 05:14:08,pengiriman cepat bgt sepatu original,pengiriman cepat banget sepatu original,Positive,"Shipping/Delivery,Product Quality"
"hp cacat, packing rusak dan bocor.",2,2025-12-17 21:14:08,hp cacat packing rusak dan bocor,hp cacat pengemasan rusak dan bocor,Negative,"Packaging/Condition,Product Quality"
"Mantap, jam tangan kualitasnya original juara.",5,2026-04-09 20:14:08,mantap jam tangan kualitasnya original juara,mantap jam tangan kualitasnya original juara,Positive,Product Quality
"Admin ramah responnya cepat, skincare sesuai deskripsi.",5,2026-08-13 01:14:08,admin ramah responnya cepat skincare sesuai deskripsi,admin ramah responnya cepat skincare sesuai deskripsi,Positive,"Shipping/Delivery,Customer Service"
"baju bgs, packing aman pake bubble wrap.",5,2026-06-19 18:14:08,baju bgs packing aman pake bubble wrap,baju bagus pengemasan aman pakai bubble wrap,Positive,"Packaging/Condition,Product Quality"
"Bagus bgt, kurir juga ramah recommended seller.",5,2026-07-10 03:14:08,bagus bgt kurir juga ramah recommended seller,bagus banget kurir juga ramah recommended seller,Positive,"Shipping/Delivery,Product Quality,Customer Service"
"Pengiriman cepat banget, tas original.",5,2026-08-16 10:14:08,pengiriman cepat banget tas original,pengiriman cepat banget tas original,Positive,"Shipping/Delivery,Product Quality"
"Admin ramah responnya cepat, jam tangan sesuai deskripsi.",5,2025-09-24 03:14:08,admin ramah responnya cepat jam tangan sesuai deskripsi,admin ramah responnya cepat jam tangan sesuai deskripsi,Positive,"Shipping/Delivery,Customer Service"
skincare lumayan lah buat harga segini.,3,2026-04-02 05:14:08,skincare lumayan lah buat harga segini,skincare lumayan lah buat harga segini,Neutral,General
"Admin ramah responnya cepat, sepatu sesuai deskripsi.",4,2026-02-13 18:14:08,admin ramah responnya cepat sepatu sesuai deskripsi,admin ramah responnya cepat sepatu sesuai deskripsi,Positive,"Shipping/Delivery,Customer Service"
"Gpp lah, agak lama tapi sepatu masih utuh.",3,2026-08-22 16:14:08,gpp lah agak lama tapi sepatu masih utuh,tidak apa-apa lah agak lama tapi sepatu masih utuh,Neutral,"Shipping/Delivery,Product Quality"
"Admin acuh, respon lambat, tas sepertinya tiruan.",2,2025-11-14 21:14:08,admin acuh respon lambat tas sepertinya tiruan,admin acuh respon lambat tas sepertinya tiruan,Negative,"Shipping/Delivery,Product Quality,Customer Service"
"skincare cacat, packing rusak dan bocor.",2,2026-01-23 21:14:08,skincare cacat packing rusak dan bocor,skincare cacat pengemasan rusak dan bocor,Negative,"Packaging/Condition,Product Quality"
"Admin ramah responnya cepat, hp sesuai deskripsi.",5,2026-08-14 14:14:08,admin ramah responnya cepat hp sesuai deskripsi,admin ramah responnya cepat hp sesuai deskripsi,Positive,"Shipping/Delivery,Customer Service"
"Kurir lambat, jam tangan hancur pas sampai ga pake bubble wrap.",2,2026-08-10 14:14:08,kurir lambat jam tangan hancur pas sampai ga pake bubble wrap,kurir lambat jam tangan hancur pas sampai tidak pakai bubble wrap,Negative,"Shipping/Delivery,Packaging/Condition"
"skincare bagus, packing aman pake bubble wrap.",5,2025-12-31 22:14:08,skincare bagus packing aman pake bubble wrap,skincare bagus pengemasan aman pakai bubble wrap,Positive,"Packaging/Condition,Product Quality"
"Mantap, jam tangan kualitasnya original juara.",4,2026-08-29 16:14:08,mantap jam tangan kualitasnya original juara,mantap jam tangan kualitasnya original juara,Positive,Product Quality
"Mantap, baju kualitasnya original juara.",4,2025-11-22 20:14:08,mantap baju kualitasnya original juara,mantap baju kualitasnya original juara,Positive,Product Quality
"Sesuai harga, skincare cukup oke, admin biasa aja.",3,2026-03-31 03:14:08,sesuai harga skincare cukup oke admin biasa aja,sesuai harga skincare cukup oke admin biasa aja,Neutral,Customer Service
"Gpp lah, agak lama tapi jam tangan masih utuh.",3,2026-09-13 18:14:08,gpp lah agak lama tapi jam tangan masih utuh,tidak apa-apa lah agak lama tapi jam tangan masih utuh,Neutral,"Shipping/Delivery,Product Quality"
"Gpp lah, agak lama tapi hp masih utuh.",3,2026-02-20 12:14:08,gpp lah agak lama tapi hp masih utuh,tidak apa-apa lah agak lama tapi hp masih utuh,Neutral,"Shipping/Delivery,Product Quality"
"Bagus bgt, abang kurir juga ramah recommended seller.",5,2025-12-17 14:14:08,bagus bgt abang kurir juga ramah recommended seller,bagus banget abang kurir juga ramah recommended seller,Positive,"Shipping/Delivery,Product Quality,Customer Service"
"Pengiriman cepat banget, sepatu original.",5,2025-12-24 00:14:08,pengiriman cepat banget sepatu original,pengiriman cepat banget sepatu original,Positive,"Shipping/Delivery,Product Quality"
"Admin ramah responnya cepat, baju sesuai deskripsi.",5,2026-09-15 21:14:08,admin ramah responnya cepat baju sesuai deskripsi,admin ramah responnya cepat baju sesuai deskripsi,Positive,"Shipping/Delivery,Customer Service"
"Pengirimannya lama banget, kurir lambat, skincare penyok.",1,2026-08-01 12:14:08,pengirimannya lama banget kurir lambat skincare penyok,pengiriman lama banget kurir lambat skincare penyok,Negative,"Shipping/Delivery,Packaging/Condition"
"Biasa aja, pengiriman standar.",3,2026-02-09 01:14:08,biasa aja pengiriman standar,biasa aja pengiriman standar,Neutral,Shipping/Delivery
"Kurir lambat, skincare hancur pas sampai ga pake bubble wrap.",1,2026-07-03 02:14:08,kurir lambat skincare hancur pas sampai ga pake bubble wrap,kurir lambat skincare hancur pas sampai tidak pakai bubble wrap,Negative,"Shipping/Delivery,Packaging/Condition"
"Kecewa, hp cacat tidak sesuai gambar.",2,2026-08-29 17:14:08,kecewa hp cacat tidak sesuai gambar,kecewa hp cacat tidak sesuai gambar,Negative,Product Quality
"Mantap, hp kualitasnya original juara.",4,2026-03-28 21:14:08,mantap hp kualitasnya original juara,mantap hp kualitasnya original juara,Positive,Product Quality
"Admin ramah responnya cepat, skincare sesuai deskripsi.",5,2026-05-22 06:14:08,admin ramah responnya cepat skincare sesuai deskripsi,admin ramah responnya cepat skincare sesuai deskripsi,Positive,"Shipping/Delivery,Customer Service"
"Admin ramah responnya cepat, jam tangan sesuai deskripsi.",5,2026-04-04 16:14:08,admin ramah responnya cepat jam tangan sesuai deskripsi,admin ramah responnya cepat jam tangan sesuai deskripsi,Positive,"Shipping/Delivery,Customer Service"
"Bagus bgt, kurir juga ramah recommended seller.",4,2026-01-13 20:14:08,bagus bgt kurir juga ramah recommended seller,bagus banget kurir juga ramah recommended seller,Positive,"Shipping/Delivery,Product Quality,Customer Service"
"Gpp lah, agak lama tapi sepatu masih utuh.",3,2026-01-25 13:14:08,gpp lah agak lama tapi sepatu masih utuh,tidak apa-apa lah agak lama tapi sepatu masih utuh,Neutral,"Shipping/Delivery,Product Quality"
"sepatu bgs, packing aman pake bubble wrap.",4,2025-11-22 15:14:08,sepatu bgs packing aman pake bubble wrap,sepatu bagus pengemasan aman pakai bubble wrap,Positive,"Packaging/Condition,Product Quality"
"Bagus bgt, kurir juga ramah recommended seller.",5,2025-11-12 23:14:08,bagus bgt kurir juga ramah recommended seller,bagus banget kurir juga ramah recommended seller,Positive,"Shipping/Delivery,Product Quality,Customer Service"
"Mantap, skincare kualitasnya original juara.",5,2025-11-14 01:14:08,mantap skincare kualitasnya original juara,mantap skincare kualitasnya original juara,Positive,Product Quality
"Bagus bgt, abang kurir juga ramah recommended seller.",5,2026-04-04 17:14:08,bagus bgt abang kurir juga ramah recommended seller,bagus banget abang kurir juga ramah recommended seller,Positive,"Shipping/Delivery,Product Quality,Customer Service"
"Kurir lambat, tas hancur pas sampai ga pake bubble wrap.",1,2025-10-27 07:14:08,kurir lambat tas hancur pas sampai ga pake bubble wrap,kurir lambat tas hancur pas sampai tidak pakai bubble wrap,Negative,"Shipping/Delivery,Packaging/Condition"
"skincare sampai dengan selamat, original sih tapi pengiriman lambat.",3,2026-08-18 23:14:08,skincare sampai dengan selamat original sih tapi pengiriman lambat,skincare sampai dengan selamat original sih tapi pengiriman lambat,Neutral,"Shipping/Delivery,Product Quality"
"Pengiriman cepat bgt, baju original.",5,2026-07-22 12:14:08,pengiriman cepat bgt baju original,pengiriman cepat banget baju original,Positive,"Shipping/Delivery,Product Quality"
"Admin acuh, respon lambat, jam tangan sepertinya tiruan.",2,2026-06-30 12:14:08,admin acuh respon lambat jam tangan sepertinya tiruan,admin acuh respon lambat jam tangan sepertinya tiruan,Negative,"Shipping/Delivery,Product Quality,Customer Service"
"Pengirimannya lama banget, kurir lambat, skincare penyok.",2,2025-12-08 00:14:08,pengirimannya lama banget kurir lambat skincare penyok,pengiriman lama banget kurir lambat skincare penyok,Negative,"Shipping/Delivery,Packaging/Condition"
"skincare cacat, packing rusak dan bocor.",2,2025-12-06 21:14:08,skincare cacat packing rusak dan bocor,skincare cacat pengemasan rusak dan bocor,Negative,"Packaging/Condition,Product Quality"
"jam tangan bagus, packing aman pake bubble wrap.",5,2026-07-24 00:14:08,jam tangan bagus packing aman pake bubble wrap,jam tangan bagus pengemasan aman pakai bubble wrap,Positive,"Packaging/Condition,Product Quality"
"Kecewa, tas cacat tdk sesuai gambar.",2,2026-03-09 09:14:08,kecewa tas cacat tdk sesuai gambar,kecewa tas cacat tidak sesuai gambar,Negative,Product Quality
"Bagus bgt, abang kurir juga ramah recommended seller.",5,2026-09-14 20:14:08,bagus bgt abang kurir juga ramah recommended seller,bagus banget abang kurir juga ramah recommended seller,Positive,"Shipping/Delivery,Product Quality,Customer Service"
"Bagus bgt, abang kurir juga ramah recommended seller.",4,2026-06-06 17:14:08,bagus bgt abang kurir juga ramah recommended seller,bagus banget abang kurir juga ramah recommended seller,Positive,"Shipping/Delivery,Product Quality,Customer Service"
"Pengiriman cepat bgt, skincare original.",4,2026-06-27 12:14:08,pengiriman cepat bgt skincare original,pengiriman cepat banget skincare original,Positive,"Shipping/Delivery,Product Quality"
"Kurir lambat, baju hancur pas sampai ga pake bubble wrap.",1,2026-02-25 15:14:08,kurir lambat baju hancur pas sampai ga pake bubble wrap,kurir lambat baju hancur pas sampai tidak pakai bubble wrap,Negative,"Shipping/Delivery,Packaging/Condition"
"Admin ramah responnya cepat, baju sesuai deskripsi.",5,2026-03-08 09:14:08,admin ramah responnya cepat baju sesuai deskripsi,admin ramah responnya cepat baju sesuai deskripsi,Positive,"Shipping/Delivery,Customer Service"
"skincare bagus, packing aman pake bubble wrap.",5,2026-01-20 10:14:08,skincare bagus packing aman pake bubble wrap,skincare bagus pengemasan aman pakai bubble wrap,Positive,"Packaging/Condition,Product Quality"
"Pengirimannya lama bgt, abang kurir lambat, hp penyok.",1,2026-05-25 11:14:08,pengirimannya lama bgt abang kurir lambat hp penyok,pengiriman lama banget abang kurir lambat hp penyok,Negative,"Shipping/Delivery,Packaging/Condition"
"Kecewa, baju cacat tidak sesuai gambar.",2,2026-08-20 02:14:08,kecewa baju cacat tidak sesuai gambar,kecewa baju cacat tidak sesuai gambar,Negative,Product Quality
"Kurir lambat, skincare hancur pas sampai ga pake bubble wrap.",2,2026-02-12 06:14:08,kurir lambat skincare hancur pas sampai ga pake bubble wrap,kurir lambat skincare hancur pas sampai tidak pakai bubble wrap,Negative,"Shipping/Delivery,Packaging/Condition"
"Pengiriman cepat banget, baju original.",4,2026-03-07 19:14:08,pengiriman cepat banget baju original,pengiriman cepat banget baju original,Positive,"Shipping/Delivery,Product Quality"
"Kurir lambat, skincare hancur pas sampai ga pake bubble wrap.",1,2026-06-25 21:14:08,kurir lambat skincare hancur pas sampai ga pake bubble wrap,kurir lambat skincare hancur pas sampai tidak pakai bubble wrap,Negative,"Shipping/Delivery,Packaging/Condition"
"Biasa aja, pengiriman standar.",3,2026-05-19 11:14:08,biasa aja pengiriman standar,biasa aja pengiriman standar,Neutral,Shipping/Delivery
"Gpp lah, agak lama tapi skincare masih utuh.",3,2025-09-20 18:14:08,gpp lah agak lama tapi skincare masih utuh,tidak apa-apa lah agak lama tapi skincare masih utuh,Neutral,"Shipping/Delivery,Product Quality"
"Admin acuh, respon lambat, sepatu sepertinya tiruan.",1,2025-12-06 02:14:08,admin acuh respon lambat sepatu sepertinya tiruan,admin acuh respon lambat sepatu sepertinya tiruan,Negative,"Shipping/Delivery,Product Quality,Customer Service"
"Pengiriman cepat bgt, skincare original.",5,2025-10-04 12:14:08,pengiriman cepat bgt skincare original,pengiriman cepat banget skincare original,Positive,"Shipping/Delivery,Product Quality"
baju lumayan lah buat harga segini.,3,2026-03-10 16:14:08,baju lumayan lah buat harga segini,baju lumayan lah buat harga segini,Neutral,General
"Pengirimannya lama bgt, abang kurir lambat, hp penyok.",2,2026-03-01 16:14:08,pengirimannya lama bgt abang kurir lambat hp penyok,pengiriman lama banget abang kurir lambat hp penyok,Negative,"Shipping/Delivery,Packaging/Condition"
"Bagus bgt, abang kurir juga ramah recommended seller.",5,2025-10-31 06:14:08,bagus bgt abang kurir juga ramah recommended seller,bagus banget abang kurir juga ramah recommended seller,Positive,"Shipping/Delivery,Product Quality,Customer Service"
"Biasa aja, pengirimannya standar.",3,2026-08-12 14:14:08,biasa aja pengirimannya standar,biasa aja pengiriman standar,Neutral,Shipping/Delivery
tas lumayan lah buat harga segini.,3,2026-08-18 23:14:08,tas lumayan lah buat harga segini,tas lumayan lah buat harga segini,Neutral,General
"Kecewa, baju cacat tdk sesuai gambar.",1,2025-10-13 18:14:08,kecewa baju cacat tdk sesuai gambar,kecewa baju cacat tidak sesuai gambar,Negative,Product Quality
"Admin ramah responnya cepat, tas sesuai deskripsi.",4,2025-09-20 04:14:08,admin ramah responnya cepat tas sesuai deskripsi,admin ramah responnya cepat tas sesuai deskripsi,Positive,"Shipping/Delivery,Customer Service"
"Pengiriman cepat bgt, hp original.",4,2026-06-18 05:14:08,pengiriman cepat bgt hp original,pengiriman cepat banget hp original,Positive,"Shipping/Delivery,Product Quality"
"Pengiriman cepat banget, skincare original.",5,2026-01-02 07:14:08,pengiriman cepat banget skincare original,pengiriman cepat banget skincare original,Positive,"Shipping/Delivery,Product Quality"
"baju bgs, packing aman pake bubble wrap.",5,2025-12-19 04:14:08,baju bgs packing aman pake bubble wrap,baju bagus pengemasan aman pakai bubble wrap,Positive,"Packaging/Condition,Product Quality"
"Bagus bgt, abang kurir juga ramah recommended seller.",5,2025-09-26 23:14:08,bagus bgt abang kurir juga ramah recommended seller,bagus banget abang kurir juga ramah recommended seller,Positive,"Shipping/Delivery,Product Quality,Customer Service"
"hp bagus, packing aman pake bubble wrap.",4,2025-12-30 18:14:08,hp bagus packing aman pake bubble wrap,hp bagus pengemasan aman pakai bubble wrap,Positive,"Packaging/Condition,Product Quality"
"Sesuai harga, tas cukup oke, admin biasa aja.",3,2026-07-23 13:14:08,sesuai harga tas cukup oke admin biasa aja,sesuai harga tas cukup oke admin biasa aja,Neutral,Customer Service
"Pengiriman cepat banget, tas original.",4,2025-09-21 23:14:08,pengiriman cepat banget tas original,pengiriman cepat banget tas original,Positive,"Shipping/Delivery,Product Quality"
"hp bagus, packing aman pake bubble wrap.",4,2025-10-30 02:14:08,hp bagus packing aman pake bubble wrap,hp bagus pengemasan aman pakai bubble wrap,Positive,"Packaging/Condition,Product Quality"
"Mantap, sepatu kualitasnya original juara.",4,2026-05-13 19:14:08,mantap sepatu kualitasnya original juara,mantap sepatu kualitasnya original juara,Positive,Product Quality
"skincare cacat, packing rusak dan bocor.",1,2026-08-30 22:14:08,skincare cacat packing rusak dan bocor,skincare cacat pengemasan rusak dan bocor,Negative,"Packaging/Condition,Product Quality"
"Admin acuh, respon lambat, skincare sptnya tiruan.",1,2025-12-02 16:14:08,admin acuh respon lambat skincare sptnya tiruan,admin acuh respon lambat skincare sptnya tiruan,Negative,"Shipping/Delivery,Product Quality,Customer Service"
"Pengiriman cepat banget, hp original.",4,2026-09-18 01:14:08,pengiriman cepat banget hp original,pengiriman cepat banget hp original,Positive,"Shipping/Delivery,Product Quality"
"Pengiriman cepat banget, sepatu original.",5,2025-09-22 03:14:08,pengiriman cepat banget sepatu original,pengiriman cepat banget sepatu original,Positive,"Shipping/Delivery,Product Quality"
"Mantap, sepatu kualitasnya original juara.",5,2026-05-16 07:14:08,mantap sepatu kualitasnya original juara,mantap sepatu kualitasnya original juara,Positive,Product Quality
"Admin ramah responnya cepat, baju sesuai deskripsi.",5,2026-03-27 10:14:08,admin ramah responnya cepat baju sesuai deskripsi,admin ramah responnya cepat baju sesuai deskripsi,Positive,"Shipping/Delivery,Customer Service"
"Sesuai harga, hp cukup oke, admin biasa aja.",3,2026-08-05 14:14:08,sesuai harga hp cukup oke admin biasa aja,sesuai harga hp cukup oke admin biasa aja,Neutral,Customer Service
"Admin acuh, respon lambat, tas sptnya tiruan.",1,2025-10-02 18:14:08,admin acuh respon lambat tas sptnya tiruan,admin acuh respon lambat tas sptnya tiruan,Negative,"Shipping/Delivery,Product Quality,Customer Service"
"Mantap, jam tangan kualitasnya original juara.",5,2026-06-06 12:14:08,mantap jam tangan kualitasnya original juara,mantap jam tangan kualitasnya original juara,Positive,Product Quality
"Mantap, sepatu kualitasnya original juara.",4,2026-05-11 22:14:08,mantap sepatu kualitasnya original juara,mantap sepatu kualitasnya original juara,Positive,Product Quality
"Pengiriman cepat banget, jam tangan original.",5,2026-08-03 08:14:08,pengiriman cepat banget jam tangan original,pengiriman cepat banget jam tangan original,Positive,"Shipping/Delivery,Product Quality"
"Admin acuh, respon lambat, tas sepertinya tiruan.",2,2025-10-17 11:14:08,admin acuh respon lambat tas sepertinya tiruan,admin acuh respon lambat tas sepertinya tiruan,Negative,"Shipping/Delivery,Product Quality,Customer Service"
"Pengirimannya lama bgt, abang kurir lambat, jam tangan penyok.",2,2026-03-09 16:14:08,pengirimannya lama bgt abang kurir lambat jam tangan penyok,pengiriman lama banget abang kurir lambat jam tangan penyok,Negative,"Shipping/Delivery,Packaging/Condition"
"Kecewa, baju cacat tidak sesuai gambar.",1,2025-10-27 19:14:08,kecewa baju cacat tidak sesuai gambar,kecewa baju cacat tidak sesuai gambar,Negative,Product Quality
"Mantap, baju kualitasnya original juara.",5,2025-12-11 12:14:08,mantap baju kualitasnya original juara,mantap baju kualitasnya original juara,Positive,Product Quality
"hp bagus, packing aman pake bubble wrap.",4,2026-07-10 02:14:08,hp bagus packing aman pake bubble wrap,hp bagus pengemasan aman pakai bubble wrap,Positive,"Packaging/Condition,Product Quality"
"baju sampai dengan selamat, original sih tapi pengirimannya lambat.",3,2026-08-08 20:14:08,baju sampai dengan selamat original sih tapi pengirimannya lambat,baju sampai dengan selamat original sih tapi pengiriman lambat,Neutral,"Shipping/Delivery,Product Quality"
"Pengiriman cepat bgt, skincare original.",5,2026-09-15 03:14:08,pengiriman cepat bgt skincare original,pengiriman cepat banget skincare original,Positive,"Shipping/Delivery,Product Quality"
"Pengirimannya lama bgt, abang kurir lambat, baju penyok.",1,2026-03-27 00:14:08,pengirimannya lama bgt abang kurir lambat baju penyok,pengiriman lama banget abang kurir lambat baju penyok,Negative,"Shipping/Delivery,Packaging/Condition"
"Pengiriman cepat banget, skincare original.",5,2026-05-06 09:14:08,pengiriman cepat banget skincare original,pengiriman cepat banget skincare original,Positive,"Shipping/Delivery,Product Quality"
"hp bagus, packing aman pake bubble wrap.",5,2025-11-04 12:14:08,hp bagus packing aman pake bubble wrap,hp bagus pengemasan aman pakai bubble wrap,Positive,"Packaging/Condition,Product Quality"
"Mantap, jam tangan kualitasnya original juara.",4,2026-07-30 20:14:08,mantap jam tangan kualitasnya original juara,mantap jam tangan kualitasnya original juara,Positive,Product Quality
"Kecewa, sepatu cacat tidak sesuai gambar.",1,2026-08-02 04:14:08,kecewa sepatu cacat tidak sesuai gambar,kecewa sepatu cacat tidak sesuai gambar,Negative,Product Quality
"Pengirimannya lama banget, kurir lambat, tas penyok.",1,2026-05-27 14:14:08,pengirimannya lama banget kurir lambat tas penyok,pengiriman lama banget kurir lambat tas penyok,Negative,"Shipping/Delivery,Packaging/Condition"
"Kecewa, jam tangan cacat tidak sesuai gambar.",1,2026-05-26 07:14:08,kecewa jam tangan cacat tidak sesuai gambar,kecewa jam tangan cacat tidak sesuai gambar,Negative,Product Quality
"Admin ramah responnya cepat, hp sesuai deskripsi.",4,2026-04-05 16:14:08,admin ramah responnya cepat hp sesuai deskripsi,admin ramah responnya cepat hp sesuai deskripsi,Positive,"Shipping/Delivery,Customer Service"
"Mantap, tas kualitasnya original juara.",4,2026-01-04 08:14:08,mantap tas kualitasnya original juara,mantap tas kualitasnya original juara,Positive,Product Quality
"Admin ramah responnya cepat, hp sesuai deskripsi.",4,2025-11-22 19:14:08,admin ramah responnya cepat hp sesuai deskripsi,admin ramah responnya cepat hp sesuai deskripsi,Positive,"Shipping/Delivery,Customer Service"
"Admin ramah responnya cepat, tas sesuai deskripsi.",5,2025-11-20 02:14:08,admin ramah responnya cepat tas sesuai deskripsi,admin ramah responnya cepat tas sesuai deskripsi,Positive,"Shipping/Delivery,Customer Service"
"Kecewa, baju cacat tdk sesuai gambar.",1,2025-09-28 04:14:08,kecewa baju cacat tdk sesuai gambar,kecewa baju cacat tidak sesuai gambar,Negative,Product Quality
"Admin acuh, respon lambat, tas sptnya tiruan.",1,2026-05-28 12:14:08,admin acuh respon lambat tas sptnya tiruan,admin acuh respon lambat tas sptnya tiruan,Negative,"Shipping/Delivery,Product Quality,Customer Service"
"sepatu cacat, packing rusak dan bocor.",2,2026-08-24 00:14:08,sepatu cacat packing rusak dan bocor,sepatu cacat pengemasan rusak dan bocor,Negative,"Packaging/Condition,Product Quality"
"Bagus bgt, abang kurir juga ramah recommended seller.",4,2025-09-20 16:14:08,bagus bgt abang kurir juga ramah recommended seller,bagus banget abang kurir juga ramah recommended seller,Positive,"Shipping/Delivery,Product Quality,Customer Service"
"hp bagus, packing aman pake bubble wrap.",4,2026-01-19 17:14:08,hp bagus packing aman pake bubble wrap,hp bagus pengemasan aman pakai bubble wrap,Positive,"Packaging/Condition,Product Quality"
"Bagus bgt, kurir juga ramah recommended seller.",5,2026-09-10 19:14:08,bagus bgt kurir juga ramah recommended seller,bagus banget kurir juga ramah recommended seller,Positive,"Shipping/Delivery,Product Quality,Customer Service"
"Mantap, baju kualitasnya original juara.",5,2026-04-02 03:14:08,mantap baju kualitasnya original juara,mantap baju kualitasnya original juara,Positive,Product Quality
"Pengiriman cepat bgt, hp original.",5,2025-12-03 21:14:08,pengiriman cepat bgt hp original,pengiriman cepat banget hp original,Positive,"Shipping/Delivery,Product Quality"
"Bagus bgt, abang kurir juga ramah recommended seller.",5,2026-01-15 23:14:08,bagus bgt abang kurir juga ramah recommended seller,bagus banget abang kurir juga ramah recommended seller,Positive,"Shipping/Delivery,Product Quality,Customer Service"
"tas bagus, packing aman pake bubble wrap.",5,2026-05-24 13:14:08,tas bagus packing aman pake bubble wrap,tas bagus pengemasan aman pakai bubble wrap,Positive,"Packaging/Condition,Product Quality"
"Admin acuh, respon lambat, tas sepertinya tiruan.",2,2026-01-03 04:14:08,admin acuh respon lambat tas sepertinya tiruan,admin acuh respon lambat tas sepertinya tiruan,Negative,"Shipping/Delivery,Product Quality,Customer Service"
"hp cacat, packing rusak dan bocor.",1,2026-02-07 04:14:08,hp cacat packing rusak dan bocor,hp cacat pengemasan rusak dan bocor,Negative,"Packaging/Condition,Product Quality"
"hp cacat, packing rusak dan bocor.",1,2026-09-04 04:14:08,hp cacat packing rusak dan bocor,hp cacat pengemasan rusak dan bocor,Negative,"Packaging/Condition,Product Quality"
"Pengiriman cepat banget, sepatu original.",5,2026-04-26 21:14:08,pengiriman cepat banget sepatu original,pengiriman cepat banget sepatu original,Positive,"Shipping/Delivery,Product Quality"
sepatu lumayan lah buat harga segini.,3,2026-02-02 12:14:08,sepatu lumayan lah buat harga segini,sepatu lumayan lah buat harga segini,Neutral,General
"Kurir lambat, jam tangan hancur pas sampai ga pake bubble wrap.",1,2025-10-16 14:14:08,kurir lambat jam tangan hancur pas sampai ga pake bubble wrap,kurir lambat jam tangan hancur pas sampai tidak pakai bubble wrap,Negative,"Shipping/Delivery,Packaging/Condition"
"Mantap, jam tangan kualitasnya original juara.",4,2026-08-18 00:14:08,mantap jam tangan kualitasnya original juara,mantap jam tangan kualitasnya original juara,Positive,Product Quality
"Pengirimannya lama bgt, abang kurir lambat, sepatu penyok.",2,2026-02-22 21:14:08,pengirimannya lama bgt abang kurir lambat sepatu penyok,pengiriman lama banget abang kurir lambat sepatu penyok,Negative,"Shipping/Delivery,Packaging/Condition"
"Admin ramah responnya cepat, sepatu sesuai deskripsi.",4,2025-12-14 11:14:08,admin ramah responnya cepat sepatu sesuai deskripsi,admin ramah responnya cepat sepatu sesuai deskripsi,Positive,"Shipping/Delivery,Customer Service"
"Admin ramah responnya cepat, tas sesuai deskripsi.",5,2025-12-12 15:14:08,admin ramah responnya cepat tas sesuai deskripsi,admin ramah responnya cepat tas sesuai deskripsi,Positive,"Shipping/Delivery,Customer Service"
"Pengiriman cepat banget, sepatu original.",5,2026-07-29 02:14:08,pengiriman cepat banget sepatu original,pengiriman cepat banget sepatu original,Positive,"Shipping/Delivery,Product Quality"
"baju bagus, packing aman pake bubble wrap.",5,2026-06-13 10:14:08,baju bagus packing aman pake bubble wrap,baju bagus pengemasan aman pakai bubble wrap,Positive,"Packaging/Condition,Product Quality"
"Pengiriman cepat banget, jam tangan original.",5,2025-09-25 15:14:08,pengiriman cepat banget jam tangan original,pengiriman cepat banget jam tangan original,Positive,"Shipping/Delivery,Product Quality"
"Bagus bgt, abang kurir juga ramah recommended seller.",5,2026-09-11 11:14:08,bagus bgt abang kurir juga ramah recommended seller,bagus banget abang kurir juga ramah recommended seller,Positive,"Shipping/Delivery,Product Quality,Customer Service"
"Mantap, hp kualitasnya original juara.",5,2026-06-30 00:14:08,mantap hp kualitasnya original juara,mantap hp kualitasnya original juara,Positive,Product Quality
"Bagus bgt, abang kurir juga ramah recommended seller.",4,2026-05-31 01:14:08,bagus bgt abang kurir juga ramah recommended seller,bagus banget abang kurir juga ramah recommended seller,Positive,"Shipping/Delivery,Product Quality,Customer Service"
"Admin acuh, respon lambat, tas sptnya tiruan.",2,2026-03-26 07:14:08,admin acuh respon lambat tas sptnya tiruan,admin acuh respon lambat tas sptnya tiruan,Negative,"Shipping/Delivery,Product Quality,Customer Service"
"Gpp lah, agak lama tapi skincare masih utuh.",3,2026-04-13 04:14:08,gpp lah agak lama tapi skincare masih utuh,tidak apa-apa lah agak lama tapi skincare masih utuh,Neutral,"Shipping/Delivery,Product Quality"
"Admin acuh, respon lambat, sepatu sepertinya tiruan.",1,2026-03-09 04:14:08,admin acuh respon lambat sepatu sepertinya tiruan,admin acuh respon lambat sepatu sepertinya tiruan,Negative,"Shipping/Delivery,Product Quality,Customer Service"
"Pengiriman cepat bgt, baju original.",5,2026-09-06 15:14:08,pengiriman cepat bgt baju original,pengiriman cepat banget baju original,Positive,"Shipping/Delivery,Product Quality"
"Kurir lambat, baju hancur pas sampai ga pake bubble wrap.",1,2026-02-21 02:14:08,kurir lambat baju hancur pas sampai ga pake bubble wrap,kurir lambat baju hancur pas sampai tidak pakai bubble wrap,Negative,"Shipping/Delivery,Packaging/Condition"
"Bagus bgt, kurir juga ramah recommended seller.",5,2026-07-12 19:14:08,bagus bgt kurir juga ramah recommended seller,bagus banget kurir juga ramah recommended seller,Positive,"Shipping/Delivery,Product Quality,Customer Service"
"hp sampai dengan selamat, original sih tapi pengiriman lambat.",3,2025-10-07 02:14:08,hp sampai dengan selamat original sih tapi pengiriman lambat,hp sampai dengan selamat original sih tapi pengiriman lambat,Neutral,"Shipping/Delivery,Product Quality"
"tas cacat, packing rusak dan bocor.",1,2025-12-23 13:14:08,tas cacat packing rusak dan bocor,tas cacat pengemasan rusak dan bocor,Negative,"Packaging/Condition,Product Quality"
"Admin ramah responnya cepat, skincare sesuai deskripsi.",4,2026-08-25 05:14:08,admin ramah responnya cepat skincare sesuai deskripsi,admin ramah responnya cepat skincare sesuai deskripsi,Positive,"Shipping/Delivery,Customer Service"
"skincare bagus, packing aman pake bubble wrap.",5,2026-06-18 10:14:08,skincare bagus packing aman pake bubble wrap,skincare bagus pengemasan aman pakai bubble wrap,Positive,"Packaging/Condition,Product Quality"
"skincare cacat, packing rusak dan bocor.",2,2026-05-10 12:14:08,skincare cacat packing rusak dan bocor,skincare cacat pengemasan rusak dan bocor,Negative,"Packaging/Condition,Product Quality"
"Mantap, jam tangan kualitasnya original juara.",5,2025-11-19 01:14:08,mantap jam tangan kualitasnya original juara,mantap jam tangan kualitasnya original juara,Positive,Product Quality
"Pengiriman cepat banget, jam tangan original.",4,2026-06-22 23:14:08,pengiriman cepat banget jam tangan original,pengiriman cepat banget jam tangan original,Positive,"Shipping/Delivery,Product Quality"
"skincare bagus, packing aman pake bubble wrap.",5,2026-03-17 11:14:08,skincare bagus packing aman pake bubble wrap,skincare bagus pengemasan aman pakai bubble wrap,Positive,"Packaging/Condition,Product Quality"
"hp bgs, packing aman pake bubble wrap.",5,2025-11-08 16:14:08,hp bgs packing aman pake bubble wrap,hp bagus pengemasan aman pakai bubble wrap,Positive,"Packaging/Condition,Product Quality"
"skincare bagus, packing aman pake bubble wrap.",5,2026-06-02 22:14:08,skincare bagus packing aman pake bubble wrap,skincare bagus pengemasan aman pakai bubble wrap,Positive,"Packaging/Condition,Product Quality"
"Mantap, baju kualitasnya original juara.",5,2026-08-26 18:14:08,mantap baju kualitasnya original juara,mantap baju kualitasnya original juara,Positive,Product Quality
"Admin ramah responnya cepat, baju sesuai deskripsi.",5,2026-01-20 01:14:08,admin ramah responnya cepat baju sesuai deskripsi,admin ramah responnya cepat baju sesuai deskripsi,Positive,"Shipping/Delivery,Customer Service"
"Admin ramah responnya cepat, baju sesuai deskripsi.",5,2025-09-24 22:14:08,admin ramah responnya cepat baju sesuai deskripsi,admin ramah responnya cepat baju sesuai deskripsi,Positive,"Shipping/Delivery,Customer Service"
"Pengirimannya lama banget, kurir lambat, skincare penyok.",1,2026-01-26 08:14:08,pengirimannya lama banget kurir lambat skincare penyok,pengiriman lama banget kurir lambat skincare penyok,Negative,"Shipping/Delivery,Packaging/Condition"
"Bagus bgt, kurir juga ramah recommended seller.",5,2025-12-12 03:14:08,bagus bgt kurir juga ramah recommended seller,bagus banget kurir juga ramah recommended seller,Positive,"Shipping/Delivery,Product Quality,Customer Service"
"Mantap, skincare kualitasnya original juara.",5,2026-07-28 10:14:08,mantap skincare kualitasnya original juara,mantap skincare kualitasnya original juara,Positive,Product Quality
"baju bgs, packing aman pake bubble wrap.",5,2025-12-21 00:14:08,baju bgs packing aman pake bubble wrap,baju bagus pengemasan aman pakai bubble wrap,Positive,"Packaging/Condition,Product Quality"
"Admin acuh, respon lambat, tas sptnya tiruan.",2,2026-06-02 19:14:08,admin acuh respon lambat tas sptnya tiruan,admin acuh respon lambat tas sptnya tiruan,Negative,"Shipping/Delivery,Product Quality,Customer Service"
"Mantap, baju kualitasnya original juara.",5,2026-09-05 18:14:08,mantap baju kualitasnya original juara,mantap baju kualitasnya original juara,Positive,Product Quality
"Admin acuh, respon lambat, skincare sepertinya tiruan.",1,2026-04-02 05:14:08,admin acuh respon lambat skincare sepertinya tiruan,admin acuh respon lambat skincare sepertinya tiruan,Negative,"Shipping/Delivery,Product Quality,Customer Service"
"Mantap, hp kualitasnya original juara.",5,2026-09-08 09:14:08,mantap hp kualitasnya original juara,mantap hp kualitasnya original juara,Positive,Product Quality
"Kecewa, skincare cacat tidak sesuai gambar.",1,2026-01-14 02:14:08,kecewa skincare cacat tidak sesuai gambar,kecewa skincare cacat tidak sesuai gambar,Negative,Product Quality
"jam tangan sampai dengan selamat, original sih tapi pengirimannya lambat.",3,2026-05-17 09:14:08,jam tangan sampai dengan selamat original sih tapi pengirimannya lambat,jam tangan sampai dengan selamat original sih tapi pengiriman lambat,Neutral,"Shipping/Delivery,Product Quality"
"Kurir lambat, baju hancur pas sampai ga pake bubble wrap.",1,2025-10-15 12:14:08,kurir lambat baju hancur pas sampai ga pake bubble wrap,kurir lambat baju hancur pas sampai tidak pakai bubble wrap,Negative,"Shipping/Delivery,Packaging/Condition"
"tas sampai dengan selamat, original sih tapi pengiriman lambat.",3,2025-11-20 17:14:08,tas sampai dengan selamat original sih tapi pengiriman lambat,tas sampai dengan selamat original sih tapi pengiriman lambat,Neutral,"Shipping/Delivery,Product Quality"
"Pengirimannya lama banget, kurir lambat, hp penyok.",1,2025-12-04 16:14:08,pengirimannya lama banget kurir lambat hp penyok,pengiriman lama banget kurir lambat hp penyok,Negative,"Shipping/Delivery,Packaging/Condition"
"Admin ramah responnya cepat, tas sesuai deskripsi.",5,2026-07-09 20:14:08,admin ramah responnya cepat tas sesuai deskripsi,admin ramah responnya cepat tas sesuai deskripsi,Positive,"Shipping/Delivery,Customer Service"
"Pengiriman cepat banget, jam tangan original.",4,2025-12-04 17:14:08,pengiriman cepat banget jam tangan original,pengiriman cepat banget jam tangan original,Positive,"Shipping/Delivery,Product Quality"
"Kurir lambat, sepatu hancur pas sampai ga pake bubble wrap.",1,2026-01-28 01:14:08,kurir lambat sepatu hancur pas sampai ga pake bubble wrap,kurir lambat sepatu hancur pas sampai tidak pakai bubble wrap,Negative,"Shipping/Delivery,Packaging/Condition"
"skincare bgs, packing aman pake bubble wrap.",5,2026-05-18 22:14:08,skincare bgs packing aman pake bubble wrap,skincare bagus pengemasan aman pakai bubble wrap,Positive,"Packaging/Condition,Product Quality"
"sepatu bagus, packing aman pake bubble wrap.",5,2026-09-17 21:14:08,sepatu bagus packing aman pake bubble wrap,sepatu bagus pengemasan aman pakai bubble wrap,Positive,"Packaging/Condition,Product Quality"
"skincare bgs, packing aman pake bubble wrap.",5,2025-12-03 05:14:08,skincare bgs packing aman pake bubble wrap,skincare bagus pengemasan aman pakai bubble wrap,Positive,"Packaging/Condition,Product Quality"
"Bagus bgt, abang kurir juga ramah recommended seller.",5,2026-06-21 02:14:08,bagus bgt abang kurir juga ramah recommended seller,bagus banget abang kurir juga ramah recommended seller,Positive,"Shipping/Delivery,Product Quality,Customer Service"
"Pengiriman cepat bgt, hp original.",5,2026-04-24 00:14:08,pengiriman cepat bgt hp original,pengiriman cepat banget hp original,Positive,"Shipping/Delivery,Product Quality"
"Pengiriman cepat banget, tas original.",5,2025-12-05 03:14:08,pengiriman cepat banget tas original,pengiriman cepat banget tas original,Positive,"Shipping/Delivery,Product Quality"
"Pengiriman cepat bgt, hp original.",4,2026-08-20 14:14:08,pengiriman cepat bgt hp original,pengiriman cepat banget hp original,Positive,"Shipping/Delivery,Product Quality"
"tas cacat, packing rusak dan bocor.",2,2026-03-28 06:14:08,tas cacat packing rusak dan bocor,tas cacat pengemasan rusak dan bocor,Negative,"Packaging/Condition,Product Quality"
"hp cacat, packing rusak dan bocor.",1,2026-05-07 13:14:08,hp cacat packing rusak dan bocor,hp cacat pengemasan rusak dan bocor,Negative,"Packaging/Condition,Product Quality"
"Admin ramah responnya cepat, hp sesuai deskripsi.",5,2026-02-11 13:14:08,admin ramah responnya cepat hp sesuai deskripsi,admin ramah responnya cepat hp sesuai deskripsi,Positive,"Shipping/Delivery,Customer Service"
"jam tangan cacat, packing rusak dan bocor.",2,2025-12-13 13:14:08,jam tangan cacat packing rusak dan bocor,jam tangan cacat pengemasan rusak dan bocor,Negative,"Packaging/Condition,Product Quality"
"skincare cacat, packing rusak dan bocor.",1,2026-05-25 12:14:08,skincare cacat packing rusak dan bocor,skincare cacat pengemasan rusak dan bocor,Negative,"Packaging/Condition,Product Quality"
skincare lumayan lah buat harga segini.,3,2026-02-25 09:14:08,skincare lumayan lah buat harga segini,skincare lumayan lah buat harga segini,Neutral,General
"Kecewa, tas cacat tdk sesuai gambar.",1,2026-03-16 14:14:08,kecewa tas cacat tdk sesuai gambar,kecewa tas cacat tidak sesuai gambar,Negative,Product Quality
"Pengirimannya lama bgt, abang kurir lambat, sepatu penyok.",1,2026-07-27 17:14:08,pengirimannya lama bgt abang kurir lambat sepatu penyok,pengiriman lama banget abang kurir lambat sepatu penyok,Negative,"Shipping/Delivery,Packaging/Condition"
"hp bagus, packing aman pake bubble wrap.",5,2026-08-20 10:14:08,hp bagus packing aman pake bubble wrap,hp bagus pengemasan aman pakai bubble wrap,Positive,"Packaging/Condition,Product Quality"
"Pengiriman cepat bgt, baju original.",5,2026-05-17 03:14:08,pengiriman cepat bgt baju original,pengiriman cepat banget baju original,Positive,"Shipping/Delivery,Product Quality"
"Bagus bgt, abang kurir juga ramah recommended seller.",5,2025-10-24 13:14:08,bagus bgt abang kurir juga ramah recommended seller,bagus banget abang kurir juga ramah recommended seller,Positive,"Shipping/Delivery,Product Quality,Customer Service"
"Pengiriman cepat bgt, skincare original.",5,2026-04-24 05:14:08,pengiriman cepat bgt skincare original,pengiriman cepat banget skincare original,Positive,"Shipping/Delivery,Product Quality"
"Kurir lambat, sepatu hancur pas sampai ga pake bubble wrap.",2,2026-07-18 04:14:08,kurir lambat sepatu hancur pas sampai ga pake bubble wrap,kurir lambat sepatu hancur pas sampai tidak pakai bubble wrap,Negative,"Shipping/Delivery,Packaging/Condition"
"Mantap, baju kualitasnya original juara.",5,2026-02-12 00:14:08,mantap baju kualitasnya original juara,mantap baju kualitasnya original juara,Positive,Product Quality
"Admin ramah responnya cepat, baju sesuai deskripsi.",5,2026-09-20 06:14:08,admin ramah responnya cepat baju sesuai deskripsi,admin ramah responnya cepat baju sesuai deskripsi,Positive,"Shipping/Delivery,Customer Service"
"Admin ramah responnya cepat, tas sesuai deskripsi.",5,2026-08-04 12:14:08,admin ramah responnya cepat tas sesuai deskripsi,admin ramah responnya cepat tas sesuai deskripsi,Positive,"Shipping/Delivery,Customer Service"
tas lumayan lah buat harga segini.,3,2026-08-18 12:14:08,tas lumayan lah buat harga segini,tas lumayan lah buat harga segini,Neutral,General
"Kecewa, tas cacat tidak sesuai gambar.",2,2025-12-02 03:14:08,kecewa tas cacat tidak sesuai gambar,kecewa tas cacat tidak sesuai gambar,Negative,Product Quality
"Kecewa, baju cacat tidak sesuai gambar.",2,2026-02-12 11:14:08,kecewa baju cacat tidak sesuai gambar,kecewa baju cacat tidak sesuai gambar,Negative,Product Quality
"Mantap, baju kualitasnya original juara.",4,2025-10-24 12:14:08,mantap baju kualitasnya original juara,mantap baju kualitasnya original juara,Positive,Product Quality
"Pengiriman cepat banget, hp original.",5,2025-11-27 05:14:08,pengiriman cepat banget hp original,pengiriman cepat banget hp original,Positive,"Shipping/Delivery,Product Quality"
"Pengirimannya lama banget, kurir lambat, sepatu penyok.",1,2026-01-10 22:14:08,pengirimannya lama banget kurir lambat sepatu penyok,pengiriman lama banget kurir lambat sepatu penyok,Negative,"Shipping/Delivery,Packaging/Condition"
"Kurir lambat, sepatu hancur pas sampai ga pake bubble wrap.",1,2026-02-16 18:14:08,kurir lambat sepatu hancur pas sampai ga pake bubble wrap,kurir lambat sepatu hancur pas sampai tidak pakai bubble wrap,Negative,"Shipping/Delivery,Packaging/Condition"
"jam tangan bagus, packing aman pake bubble wrap.",5,2025-10-18 01:14:08,jam tangan bagus packing aman pake bubble wrap,jam tangan bagus pengemasan aman pakai bubble wrap,Positive,"Packaging/Condition,Product Quality"
"Mantap, sepatu kualitasnya original juara.",4,2025-11-28 22:14:08,mantap sepatu kualitasnya original juara,mantap sepatu kualitasnya original juara,Positive,Product Quality
"Kurir lambat, sepatu hancur pas sampai ga pake bubble wrap.",2,2025-10-16 09:14:08,kurir lambat sepatu hancur pas sampai ga pake bubble wrap,kurir lambat sepatu hancur pas sampai tidak pakai bubble wrap,Negative,"Shipping/Delivery,Packaging/Condition"
"Mantap, sepatu kualitasnya original juara.",5,2025-11-13 04:14:08,mantap sepatu kualitasnya original juara,mantap sepatu kualitasnya original juara,Positive,Product Quality
"Mantap, skincare kualitasnya original juara.",5,2026-01-09 19:14:08,mantap skincare kualitasnya original juara,mantap skincare kualitasnya original juara,Positive,Product Quality
"Mantap, jam tangan kualitasnya original juara.",5,2026-03-01 09:14:08,mantap jam tangan kualitasnya original juara,mantap jam tangan kualitasnya original juara,Positive,Product Quality
"baju bgs, packing aman pake bubble wrap.",5,2026-07-25 04:14:08,baju bgs packing aman pake bubble wrap,baju bagus pengemasan aman pakai bubble wrap,Positive,"Packaging/Condition,Product Quality"
"hp bagus, packing aman pake bubble wrap.",5,2026-09-10 04:14:08,hp bagus packing aman pake bubble wrap,hp bagus pengemasan aman pakai bubble wrap,Positive,"Packaging/Condition,Product Quality"
"Mantap, jam tangan kualitasnya original juara.",5,2026-03-18 13:14:08,mantap jam tangan kualitasnya original juara,mantap jam tangan kualitasnya original juara,Positive,Product Quality
"Admin ramah responnya cepat, sepatu sesuai deskripsi.",5,2026-09-12 02:14:08,admin ramah responnya cepat sepatu sesuai deskripsi,admin ramah responnya cepat sepatu sesuai deskripsi,Positive,"Shipping/Delivery,Customer Service"
"Admin ramah responnya cepat, skincare sesuai deskripsi.",4,2026-02-22 14:14:08,admin ramah responnya cepat skincare sesuai deskripsi,admin ramah responnya cepat skincare sesuai deskripsi,Positive,"Shipping/Delivery,Customer Service"
"tas cacat, packing rusak dan bocor.",2,2026-01-29 14:14:08,tas cacat packing rusak dan bocor,tas cacat pengemasan rusak dan bocor,Negative,"Packaging/Condition,Product Quality"
baju lumayan lah buat harga segini.,3,2026-02-23 11:14:08,baju lumayan lah buat harga segini,baju lumayan lah buat harga segini,Neutral,General
"Pengiriman cepat bgt, jam tangan original.",5,2026-08-26 19:14:08,pengiriman cepat bgt jam tangan original,pengiriman cepat banget jam tangan original,Positive,"Shipping/Delivery,Product Quality"
"Mantap, skincare kualitasnya original juara.",5,2026-04-01 00:14:08,mantap skincare kualitasnya original juara,mantap skincare kualitasnya original juara,Positive,Product Quality
"Pengirimannya lama banget, kurir lambat, tas penyok.",2,2026-09-18 01:14:08,pengirimannya lama banget kurir lambat tas penyok,pengiriman lama banget kurir lambat tas penyok,Negative,"Shipping/Delivery,Packaging/Condition"
"Pengirimannya lama banget, kurir lambat, tas penyok.",1,2025-11-30 08:14:08,pengirimannya lama banget kurir lambat tas penyok,pengiriman lama banget kurir lambat tas penyok,Negative,"Shipping/Delivery,Packaging/Condition"
"Mantap, tas kualitasnya original juara.",5,2025-10-18 00:14:08,mantap tas kualitasnya original juara,mantap tas kualitasnya original juara,Positive,Product Quality
"Gpp lah, agak lama tapi tas masih utuh.",3,2026-08-20 00:14:08,gpp lah agak lama tapi tas masih utuh,tidak apa-apa lah agak lama tapi tas masih utuh,Neutral,"Shipping/Delivery,Product Quality"
"sepatu bagus, packing aman pake bubble wrap.",5,2026-04-17 10:14:08,sepatu bagus packing aman pake bubble wrap,sepatu bagus pengemasan aman pakai bubble wrap,Positive,"Packaging/Condition,Product Quality"
"Bagus bgt, abang kurir juga ramah recommended seller.",5,2026-04-17 05:14:08,bagus bgt abang kurir juga ramah recommended seller,bagus banget abang kurir juga ramah recommended seller,Positive,"Shipping/Delivery,Product Quality,Customer Service"
"baju bagus, packing aman pake bubble wrap.",5,2026-09-08 15:14:08,baju bagus packing aman pake bubble wrap,baju bagus pengemasan aman pakai bubble wrap,Positive,"Packaging/Condition,Product Quality"
"Pengirimannya lama banget, kurir lambat, jam tangan penyok.",2,2026-07-27 15:14:08,pengirimannya lama banget kurir lambat jam tangan penyok,pengiriman lama banget kurir lambat jam tangan penyok,Negative,"Shipping/Delivery,Packaging/Condition"
"Admin acuh, respon lambat, baju sptnya tiruan.",1,2025-09-28 01:14:08,admin acuh respon lambat baju sptnya tiruan,admin acuh respon lambat baju sptnya tiruan,Negative,"Shipping/Delivery,Product Quality,Customer Service"
"sepatu cacat, packing rusak dan bocor.",2,2026-01-23 00:14:08,sepatu cacat packing rusak dan bocor,sepatu cacat pengemasan rusak dan bocor,Negative,"Packaging/Condition,Product Quality"
"sepatu bagus, packing aman pake bubble wrap.",4,2026-08-27 18:14:08,sepatu bagus packing aman pake bubble wrap,sepatu bagus pengemasan aman pakai bubble wrap,Positive,"Packaging/Condition,Product Quality"
"Bagus bgt, abang kurir juga ramah recommended seller.",4,2026-08-03 00:14:08,bagus bgt abang kurir juga ramah recommended seller,bagus banget abang kurir juga ramah recommended seller,Positive,"Shipping/Delivery,Product Quality,Customer Service"
"Mantap, tas kualitasnya original juara.",4,2026-02-19 00:14:08,mantap tas kualitasnya original juara,mantap tas kualitasnya original juara,Positive,Product Quality
"Bagus bgt, abang kurir juga ramah recommended seller.",5,2025-11-27 16:14:08,bagus bgt abang kurir juga ramah recommended seller,bagus banget abang kurir juga ramah recommended seller,Positive,"Shipping/Delivery,Product Quality,Customer Service"
"Admin ramah responnya cepat, skincare sesuai deskripsi.",4,2026-07-27 07:14:08,admin ramah responnya cepat skincare sesuai deskripsi,admin ramah responnya cepat skincare sesuai deskripsi,Positive,"Shipping/Delivery,Customer Service"
"Mantap, jam tangan kualitasnya original juara.",5,2026-09-15 20:14:08,mantap jam tangan kualitasnya original juara,mantap jam tangan kualitasnya original juara,Positive,Product Quality
"Admin ramah responnya cepat, jam tangan sesuai deskripsi.",5,2026-06-09 15:14:08,admin ramah responnya cepat jam tangan sesuai deskripsi,admin ramah responnya cepat jam tangan sesuai deskripsi,Positive,"Shipping/Delivery,Customer Service"
"Admin ramah responnya cepat, jam tangan sesuai deskripsi.",5,2026-05-06 01:14:08,admin ramah responnya cepat jam tangan sesuai deskripsi,admin ramah responnya cepat jam tangan sesuai deskripsi,Positive,"Shipping/Delivery,Customer Service"
"sepatu bagus, packing aman pake bubble wrap.",5,2026-08-11 17:14:08,sepatu bagus packing aman pake bubble wrap,sepatu bagus pengemasan aman pakai bubble wrap,Positive,"Packaging/Condition,Product Quality"
"Admin ramah responnya cepat, skincare sesuai deskripsi.",4,2026-08-08 22:14:08,admin ramah responnya cepat skincare sesuai deskripsi,admin ramah responnya cepat skincare sesuai deskripsi,Positive,"Shipping/Delivery,Customer Service"
"Admin ramah responnya cepat, tas sesuai deskripsi.",5,2026-05-30 16:14:08,admin ramah responnya cepat tas sesuai deskripsi,admin ramah responnya cepat tas sesuai deskripsi,Positive,"Shipping/Delivery,Customer Service"
"Pengiriman cepat bgt, jam tangan original.",5,2026-05-10 21:14:08,pengiriman cepat bgt jam tangan original,pengiriman cepat banget jam tangan original,Positive,"Shipping/Delivery,Product Quality"
"Mantap, hp kualitasnya original juara.",4,2025-11-19 07:14:08,mantap hp kualitasnya original juara,mantap hp kualitasnya original juara,Positive,Product Quality
"Pengirimannya lama banget, kurir lambat, hp penyok.",2,2026-06-26 02:14:08,pengirimannya lama banget kurir lambat hp penyok,pengiriman lama banget kurir lambat hp penyok,Negative,"Shipping/Delivery,Packaging/Condition"
"Kurir lambat, skincare hancur pas sampai ga pake bubble wrap.",1,2026-08-20 18:14:08,kurir lambat skincare hancur pas sampai ga pake bubble wrap,kurir lambat skincare hancur pas sampai tidak pakai bubble wrap,Negative,"Shipping/Delivery,Packaging/Condition"
"Admin acuh, respon lambat, jam tangan sepertinya tiruan.",1,2025-09-24 08:14:08,admin acuh respon lambat jam tangan sepertinya tiruan,admin acuh respon lambat jam tangan sepertinya tiruan,Negative,"Shipping/Delivery,Product Quality,Customer Service"
"Mantap, hp kualitasnya original juara.",5,2026-03-15 13:14:08,mantap hp kualitasnya original juara,mantap hp kualitasnya original juara,Positive,Product Quality
"Admin ramah responnya cepat, jam tangan sesuai deskripsi.",4,2026-05-11 08:14:08,admin ramah responnya cepat jam tangan sesuai deskripsi,admin ramah responnya cepat jam tangan sesuai deskripsi,Positive,"Shipping/Delivery,Customer Service"
"Bagus bgt, kurir juga ramah recommended seller.",5,2026-05-06 14:14:08,bagus bgt kurir juga ramah recommended seller,bagus banget kurir juga ramah recommended seller,Positive,"Shipping/Delivery,Product Quality,Customer Service"
"Mantap, baju kualitasnya original juara.",5,2026-04-05 00:14:08,mantap baju kualitasnya original juara,mantap baju kualitasnya original juara,Positive,Product Quality
"Kecewa, jam tangan cacat tdk sesuai gambar.",1,2025-11-02 17:14:08,kecewa jam tangan cacat tdk sesuai gambar,kecewa jam tangan cacat tidak sesuai gambar,Negative,Product Quality
"Bagus bgt, kurir juga ramah recommended seller.",5,2025-10-18 15:14:08,bagus bgt kurir juga ramah recommended seller,bagus banget kurir juga ramah recommended seller,Positive,"Shipping/Delivery,Product Quality,Customer Service"
jam tangan lumayan lah buat harga segini.,3,2026-02-05 00:14:08,jam tangan lumayan lah buat harga segini,jam tangan lumayan lah buat harga segini,Neutral,General
"Mantap, jam tangan kualitasnya original juara.",5,2026-03-10 12:14:08,mantap jam tangan kualitasnya original juara,mantap jam tangan kualitasnya original juara,Positive,Product Quality
"Kurir lambat, baju hancur pas sampai ga pake bubble wrap.",1,2026-08-20 12:14:08,kurir lambat baju hancur pas sampai ga pake bubble wrap,kurir lambat baju hancur pas sampai tidak pakai bubble wrap,Negative,"Shipping/Delivery,Packaging/Condition"
skincare lumayan lah buat harga segini.,3,2026-01-29 00:14:08,skincare lumayan lah buat harga segini,skincare lumayan lah buat harga segini,Neutral,General
"Mantap, jam tangan kualitasnya original juara.",5,2026-04-18 12:14:08,mantap jam tangan kualitasnya original juara,mantap jam tangan kualitasnya original juara,Positive,Product Quality
"Admin ramah responnya cepat, sepatu sesuai deskripsi.",5,2025-10-16 11:14:08,admin ramah responnya cepat sepatu sesuai deskripsi,admin ramah responnya cepat sepatu sesuai deskripsi,Positive,"Shipping/Delivery,Customer Service"
skincare lumayan lah buat harga segini.,3,2025-10-19 08:14:08,skincare lumayan lah buat harga segini,skincare lumayan lah buat harga segini,Neutral,General
"Bagus bgt, abang kurir juga ramah recommended seller.",5,2026-01-18 07:14:08,bagus bgt abang kurir juga ramah recommended seller,bagus banget abang kurir juga ramah recommended seller,Positive,"Shipping/Delivery,Product Quality,Customer Service"
tas lumayan lah buat harga segini.,3,2025-10-25 04:14:08,tas lumayan lah buat harga segini,tas lumayan lah buat harga segini,Neutral,General
"Kecewa, hp cacat tdk sesuai gambar.",1,2025-09-22 01:14:08,kecewa hp cacat tdk sesuai gambar,kecewa hp cacat tidak sesuai gambar,Negative,Product Quality
"Bagus bgt, abang kurir juga ramah recommended seller.",4,2025-12-03 00:14:08,bagus bgt abang kurir juga ramah recommended seller,bagus banget abang kurir juga ramah recommended seller,Positive,"Shipping/Delivery,Product Quality,Customer Service"
"Bagus bgt, kurir juga ramah recommended seller.",4,2026-03-18 08:14:08,bagus bgt kurir juga ramah recommended seller,bagus banget kurir juga ramah recommended seller,Positive,"Shipping/Delivery,Product Quality,Customer Service"
"Pengiriman cepat banget, baju original.",5,2026-04-15 21:14:08,pengiriman cepat banget baju original,pengiriman cepat banget baju original,Positive,"Shipping/Delivery,Product Quality"
"Gpp lah, agak lama tapi hp masih utuh.",3,2026-07-15 09:14:08,gpp lah agak lama tapi hp masih utuh,tidak apa-apa lah agak lama tapi hp masih utuh,Neutral,"Shipping/Delivery,Product Quality"
"Kurir lambat, sepatu hancur pas sampai ga pake bubble wrap.",1,2026-06-24 19:14:08,kurir lambat sepatu hancur pas sampai ga pake bubble wrap,kurir lambat sepatu hancur pas sampai tidak pakai bubble wrap,Negative,"Shipping/Delivery,Packaging/Condition"
"skincare cacat, packing rusak dan bocor.",2,2025-11-27 05:14:08,skincare cacat packing rusak dan bocor,skincare cacat pengemasan rusak dan bocor,Negative,"Packaging/Condition,Product Quality"
"Sesuai harga, tas cukup oke, admin biasa aja.",3,2025-12-28 13:14:08,sesuai harga tas cukup oke admin biasa aja,sesuai harga tas cukup oke admin biasa aja,Neutral,Customer Service
"jam tangan sampai dengan selamat, original sih tapi pengiriman lambat.",3,2025-10-18 02:14:08,jam tangan sampai dengan selamat original sih tapi pengiriman lambat,jam tangan sampai dengan selamat original sih tapi pengiriman lambat,Neutral,"Shipping/Delivery,Product Quality"
"Sesuai harga, skincare cukup oke, admin biasa aja.",3,2026-05-21 12:14:08,sesuai harga skincare cukup oke admin biasa aja,sesuai harga skincare cukup oke admin biasa aja,Neutral,Customer Service
"Bagus bgt, abang kurir juga ramah recommended seller.",5,2026-02-28 21:14:08,bagus bgt abang kurir juga ramah recommended seller,bagus banget abang kurir juga ramah recommended seller,Positive,"Shipping/Delivery,Product Quality,Customer Service"
"Bagus bgt, kurir juga ramah recommended seller.",5,2025-11-12 09:14:08,bagus bgt kurir juga ramah recommended seller,bagus banget kurir juga ramah recommended seller,Positive,"Shipping/Delivery,Product Quality,Customer Service"
"Pengirimannya lama bgt, abang kurir lambat, sepatu penyok.",2,2026-03-28 12:14:08,pengirimannya lama bgt abang kurir lambat sepatu penyok,pengiriman lama banget abang kurir lambat sepatu penyok,Negative,"Shipping/Delivery,Packaging/Condition"
"Pengiriman cepat banget, skincare original.",5,2026-07-08 19:14:08,pengiriman cepat banget skincare original,pengiriman cepat banget skincare original,Positive,"Shipping/Delivery,Product Quality"
jam tangan lumayan lah buat harga segini.,3,2026-03-30 17:14:08,jam tangan lumayan lah buat harga segini,jam tangan lumayan lah buat harga segini,Neutral,General
"Admin ramah responnya cepat, tas sesuai deskripsi.",5,2026-05-18 15:14:08,admin ramah responnya cepat tas sesuai deskripsi,admin ramah responnya cepat tas sesuai deskripsi,Positive,"Shipping/Delivery,Customer Service"
"sepatu sampai dengan selamat, original sih tapi pengirimannya lambat.",3,2025-10-28 15:14:08,sepatu sampai dengan selamat original sih tapi pengirimannya lambat,sepatu sampai dengan selamat original sih tapi pengiriman lambat,Neutral,"Shipping/Delivery,Product Quality"
"Bagus bgt, abang kurir juga ramah recommended seller.",4,2026-05-01 18:14:08,bagus bgt abang kurir juga ramah recommended seller,bagus banget abang kurir juga ramah recommended seller,Positive,"Shipping/Delivery,Product Quality,Customer Service"
"hp bagus, packing aman pake bubble wrap.",4,2026-01-12 10:14:08,hp bagus packing aman pake bubble wrap,hp bagus pengemasan aman pakai bubble wrap,Positive,"Packaging/Condition,Product Quality"
"Kurir lambat, jam tangan hancur pas sampai ga pake bubble wrap.",1,2026-04-05 02:14:08,kurir lambat jam tangan hancur pas sampai ga pake bubble wrap,kurir lambat jam tangan hancur pas sampai tidak pakai bubble wrap,Negative,"Shipping/Delivery,Packaging/Condition"
"Pengiriman cepat bgt, baju original.",5,2026-08-09 02:14:08,pengiriman cepat bgt baju original,pengiriman cepat banget baju original,Positive,"Shipping/Delivery,Product Quality"
"Sesuai harga, hp cukup oke, admin biasa aja.",3,2026-01-01 11:14:08,sesuai harga hp cukup oke admin biasa aja,sesuai harga hp cukup oke admin biasa aja,Neutral,Customer Service
"Bagus bgt, kurir juga ramah recommended seller.",4,2026-08-17 22:14:08,bagus bgt kurir juga ramah recommended seller,bagus banget kurir juga ramah recommended seller,Positive,"Shipping/Delivery,Product Quality,Customer Service"
"Bagus bgt, abang kurir juga ramah recommended seller.",5,2026-07-07 23:14:08,bagus bgt abang kurir juga ramah recommended seller,bagus banget abang kurir juga ramah recommended seller,Positive,"Shipping/Delivery,Product Quality,Customer Service"
"Biasa aja, pengiriman standar.",3,2026-02-16 03:14:08,biasa aja pengiriman standar,biasa aja pengiriman standar,Neutral,Shipping/Delivery
"Pengirimannya lama banget, kurir lambat, baju penyok.",1,2026-04-22 07:14:08,pengirimannya lama banget kurir lambat baju penyok,pengiriman lama banget kurir lambat baju penyok,Negative,"Shipping/Delivery,Packaging/Condition"
"Admin acuh, respon lambat, hp sptnya tiruan.",1,2026-02-16 12:14:08,admin acuh respon lambat hp sptnya tiruan,admin acuh respon lambat hp sptnya tiruan,Negative,"Shipping/Delivery,Product Quality,Customer Service"
"Bagus bgt, kurir juga ramah recommended seller.",5,2026-07-23 17:14:08,bagus bgt kurir juga ramah recommended seller,bagus banget kurir juga ramah recommended seller,Positive,"Shipping/Delivery,Product Quality,Customer Service"
"Admin ramah responnya cepat, jam tangan sesuai deskripsi.",5,2025-11-28 14:14:08,admin ramah responnya cepat jam tangan sesuai deskripsi,admin ramah responnya cepat jam tangan sesuai deskripsi,Positive,"Shipping/Delivery,Customer Service"
"hp bgs, packing aman pake bubble wrap.",5,2026-04-15 15:14:08,hp bgs packing aman pake bubble wrap,hp bagus pengemasan aman pakai bubble wrap,Positive,"Packaging/Condition,Product Quality"
"Admin ramah responnya cepat, baju sesuai deskripsi.",5,2026-09-08 14:14:08,admin ramah responnya cepat baju sesuai deskripsi,admin ramah responnya cepat baju sesuai deskripsi,Positive,"Shipping/Delivery,Customer Service"
"Mantap, sepatu kualitasnya original juara.",5,2026-04-24 10:14:08,mantap sepatu kualitasnya original juara,mantap sepatu kualitasnya original juara,Positive,Product Quality
"Mantap, hp kualitasnya original juara.",5,2026-02-15 06:14:08,mantap hp kualitasnya original juara,mantap hp kualitasnya original juara,Positive,Product Quality
"Mantap, hp kualitasnya original juara.",5,2026-02-15 04:14:08,mantap hp kualitasnya original juara,mantap hp kualitasnya original juara,Positive,Product Quality
"Admin ramah responnya cepat, sepatu sesuai deskripsi.",5,2026-01-28 09:14:08,admin ramah responnya cepat sepatu sesuai deskripsi,admin ramah responnya cepat sepatu sesuai deskripsi,Positive,"Shipping/Delivery,Customer Service"
"Admin ramah responnya cepat, sepatu sesuai deskripsi.",5,2026-01-12 17:14:08,admin ramah responnya cepat sepatu sesuai deskripsi,admin ramah responnya cepat sepatu sesuai deskripsi,Positive,"Shipping/Delivery,Customer Service"
"Pengiriman cepat bgt, hp original.",5,2026-02-18 06:14:08,pengiriman cepat bgt hp original,pengiriman cepat banget hp original,Positive,"Shipping/Delivery,Product Quality"
"jam tangan sampai dengan selamat, original sih tapi pengiriman lambat.",3,2026-01-16 19:14:08,jam tangan sampai dengan selamat original sih tapi pengiriman lambat,jam tangan sampai dengan selamat original sih tapi pengiriman lambat,Neutral,"Shipping/Delivery,Product Quality"
"sepatu bagus, packing aman pake bubble wrap.",5,2026-09-06 21:14:08,sepatu bagus packing aman pake bubble wrap,sepatu bagus pengemasan aman pakai bubble wrap,Positive,"Packaging/Condition,Product Quality"
"Admin ramah responnya cepat, jam tangan sesuai deskripsi.",4,2026-03-06 14:14:08,admin ramah responnya cepat jam tangan sesuai deskripsi,admin ramah responnya cepat jam tangan sesuai deskripsi,Positive,"Shipping/Delivery,Customer Service"
"Bagus bgt, kurir juga ramah recommended seller.",5,2026-05-02 02:14:08,bagus bgt kurir juga ramah recommended seller,bagus banget kurir juga ramah recommended seller,Positive,"Shipping/Delivery,Product Quality,Customer Service"
"Kecewa, skincare cacat tidak sesuai gambar.",1,2026-08-29 05:14:08,kecewa skincare cacat tidak sesuai gambar,kecewa skincare cacat tidak sesuai gambar,Negative,Product Quality
"Pengirimannya lama bgt, abang kurir lambat, sepatu penyok.",2,2026-02-10 04:14:08,pengirimannya lama bgt abang kurir lambat sepatu penyok,pengiriman lama banget abang kurir lambat sepatu penyok,Negative,"Shipping/Delivery,Packaging/Condition"
"Mantap, jam tangan kualitasnya original juara.",4,2026-06-02 18:14:08,mantap jam tangan kualitasnya original juara,mantap jam tangan kualitasnya original juara,Positive,Product Quality
"Mantap, hp kualitasnya original juara.",5,2025-11-26 20:14:08,mantap hp kualitasnya original juara,mantap hp kualitasnya original juara,Positive,Product Quality
"Biasa aja, pengirimannya standar.",3,2026-05-15 06:14:08,biasa aja pengirimannya standar,biasa aja pengiriman standar,Neutral,Shipping/Delivery
"sepatu bgs, packing aman pake bubble wrap.",5,2025-11-24 17:14:08,sepatu bgs packing aman pake bubble wrap,sepatu bagus pengemasan aman pakai bubble wrap,Positive,"Packaging/Condition,Product Quality"
"Pengiriman cepat banget, hp original.",5,2026-06-09 10:14:08,pengiriman cepat banget hp original,pengiriman cepat banget hp original,Positive,"Shipping/Delivery,Product Quality"
"Kurir lambat, hp hancur pas sampai ga pake bubble wrap.",1,2026-03-30 09:14:08,kurir lambat hp hancur pas sampai ga pake bubble wrap,kurir lambat hp hancur pas sampai tidak pakai bubble wrap,Negative,"Shipping/Delivery,Packaging/Condition"
"Admin ramah responnya cepat, jam tangan sesuai deskripsi.",4,2026-07-19 17:14:08,admin ramah responnya cepat jam tangan sesuai deskripsi,admin ramah responnya cepat jam tangan sesuai deskripsi,Positive,"Shipping/Delivery,Customer Service"
"Kurir lambat, tas hancur pas sampai ga pake bubble wrap.",1,2026-02-13 15:14:08,kurir lambat tas hancur pas sampai ga pake bubble wrap,kurir lambat tas hancur pas sampai tidak pakai bubble wrap,Negative,"Shipping/Delivery,Packaging/Condition"
"Biasa aja, pengirimannya standar.",3,2026-09-13 01:14:08,biasa aja pengirimannya standar,biasa aja pengiriman standar,Neutral,Shipping/Delivery
"Pengirimannya lama banget, kurir lambat, hp penyok.",2,2026-09-04 01:14:08,pengirimannya lama banget kurir lambat hp penyok,pengiriman lama banget kurir lambat hp penyok,Negative,"Shipping/Delivery,Packaging/Condition"
"Pengirimannya lama banget, kurir lambat, hp penyok.",1,2025-12-31 12:14:08,pengirimannya lama banget kurir lambat hp penyok,pengiriman lama banget kurir lambat hp penyok,Negative,"Shipping/Delivery,Packaging/Condition"
"Biasa aja, pengiriman standar.",3,2026-06-01 18:14:08,biasa aja pengiriman standar,biasa aja pengiriman standar,Neutral,Shipping/Delivery
"tas cacat, packing rusak dan bocor.",2,2025-12-08 09:14:08,tas cacat packing rusak dan bocor,tas cacat pengemasan rusak dan bocor,Negative,"Packaging/Condition,Product Quality"
"Pengiriman cepat bgt, jam tangan original.",5,2026-03-10 06:14:08,pengiriman cepat bgt jam tangan original,pengiriman cepat banget jam tangan original,Positive,"Shipping/Delivery,Product Quality"
"Admin ramah responnya cepat, tas sesuai deskripsi.",4,2026-09-16 12:14:08,admin ramah responnya cepat tas sesuai deskripsi,admin ramah responnya cepat tas sesuai deskripsi,Positive,"Shipping/Delivery,Customer Service"
"Admin ramah responnya cepat, skincare sesuai deskripsi.",5,2025-10-16 09:14:08,admin ramah responnya cepat skincare sesuai deskripsi,admin ramah responnya cepat skincare sesuai deskripsi,Positive,"Shipping/Delivery,Customer Service"
"tas cacat, packing rusak dan bocor.",2,2025-10-03 05:14:08,tas cacat packing rusak dan bocor,tas cacat pengemasan rusak dan bocor,Negative,"Packaging/Condition,Product Quality"
"Pengiriman cepat banget, jam tangan original.",5,2026-01-21 06:14:08,pengiriman cepat banget jam tangan original,pengiriman cepat banget jam tangan original,Positive,"Shipping/Delivery,Product Quality"
"Mantap, skincare kualitasnya original juara.",4,2026-05-15 17:14:08,mantap skincare kualitasnya original juara,mantap skincare kualitasnya original juara,Positive,Product Quality
"Mantap, tas kualitasnya original juara.",4,2026-02-18 09:14:08,mantap tas kualitasnya original juara,mantap tas kualitasnya original juara,Positive,Product Quality
"skincare bgs, packing aman pake bubble wrap.",5,2026-05-17 22:14:08,skincare bgs packing aman pake bubble wrap,skincare bagus pengemasan aman pakai bubble wrap,Positive,"Packaging/Condition,Product Quality"
"Mantap, jam tangan kualitasnya original juara.",5,2026-03-28 14:14:08,mantap jam tangan kualitasnya original juara,mantap jam tangan kualitasnya original juara,Positive,Product Quality
"Biasa aja, pengirimannya standar.",3,2026-01-25 08:14:08,biasa aja pengirimannya standar,biasa aja pengiriman standar,Neutral,Shipping/Delivery
"hp bgs, packing aman pake bubble wrap.",5,2026-06-07 23:14:08,hp bgs packing aman pake bubble wrap,hp bagus pengemasan aman pakai bubble wrap,Positive,"Packaging/Condition,Product Quality"
"Bagus bgt, kurir juga ramah recommended seller.",4,2026-01-23 17:14:08,bagus bgt kurir juga ramah recommended seller,bagus banget kurir juga ramah recommended seller,Positive,"Shipping/Delivery,Product Quality,Customer Service"
"Kurir lambat, hp hancur pas sampai ga pake bubble wrap.",2,2026-04-29 16:14:08,kurir lambat hp hancur pas sampai ga pake bubble wrap,kurir lambat hp hancur pas sampai tidak pakai bubble wrap,Negative,"Shipping/Delivery,Packaging/Condition"
"hp sampai dengan selamat, original sih tapi pengirimannya lambat.",3,2025-11-26 04:14:08,hp sampai dengan selamat original sih tapi pengirimannya lambat,hp sampai dengan selamat original sih tapi pengiriman lambat,Neutral,"Shipping/Delivery,Product Quality"
"baju sampai dengan selamat, original sih tapi pengiriman lambat.",3,2026-03-24 09:14:08,baju sampai dengan selamat original sih tapi pengiriman lambat,baju sampai dengan selamat original sih tapi pengiriman lambat,Neutral,"Shipping/Delivery,Product Quality"
"baju bagus, packing aman pake bubble wrap.",4,2026-09-13 06:14:08,baju bagus packing aman pake bubble wrap,baju bagus pengemasan aman pakai bubble wrap,Positive,"Packaging/Condition,Product Quality"
"Kecewa, hp cacat tdk sesuai gambar.",1,2026-09-15 17:14:08,kecewa hp cacat tdk sesuai gambar,kecewa hp cacat tidak sesuai gambar,Negative,Product Quality
"skincare bgs, packing aman pake bubble wrap.",5,2025-11-24 20:14:08,skincare bgs packing aman pake bubble wrap,skincare bagus pengemasan aman pakai bubble wrap,Positive,"Packaging/Condition,Product Quality"
"Admin ramah responnya cepat, hp sesuai deskripsi.",5,2025-12-13 09:14:08,admin ramah responnya cepat hp sesuai deskripsi,admin ramah responnya cepat hp sesuai deskripsi,Positive,"Shipping/Delivery,Customer Service"
"Bagus bgt, abang kurir juga ramah recommended seller.",4,2026-07-11 04:14:08,bagus bgt abang kurir juga ramah recommended seller,bagus banget abang kurir juga ramah recommended seller,Positive,"Shipping/Delivery,Product Quality,Customer Service"
"Bagus bgt, abang kurir juga ramah recommended seller.",4,2026-05-26 06:14:08,bagus bgt abang kurir juga ramah recommended seller,bagus banget abang kurir juga ramah recommended seller,Positive,"Shipping/Delivery,Product Quality,Customer Service"
"skincare sampai dengan selamat, original sih tapi pengiriman lambat.",3,2026-05-22 09:14:08,skincare sampai dengan selamat original sih tapi pengiriman lambat,skincare sampai dengan selamat original sih tapi pengiriman lambat,Neutral,"Shipping/Delivery,Product Quality"
"hp bagus, packing aman pake bubble wrap.",5,2026-01-10 21:14:08,hp bagus packing aman pake bubble wrap,hp bagus pengemasan aman pakai bubble wrap,Positive,"Packaging/Condition,Product Quality"
"Bagus bgt, kurir juga ramah recommended seller.",4,2026-01-24 20:14:08,bagus bgt kurir juga ramah recommended seller,bagus banget kurir juga ramah recommended seller,Positive,"Shipping/Delivery,Product Quality,Customer Service"
"Admin ramah responnya cepat, baju sesuai deskripsi.",5,2026-07-01 20:14:08,admin ramah responnya cepat baju sesuai deskripsi,admin ramah responnya cepat baju sesuai deskripsi,Positive,"Shipping/Delivery,Customer Service"
"jam tangan bagus, packing aman pake bubble wrap.",5,2026-02-04 16:14:08,jam tangan bagus packing aman pake bubble wrap,jam tangan bagus pengemasan aman pakai bubble wrap,Positive,"Packaging/Condition,Product Quality"
"Admin ramah responnya cepat, skincare sesuai deskripsi.",5,2026-03-23 15:14:08,admin ramah responnya cepat skincare sesuai deskripsi,admin ramah responnya cepat skincare sesuai deskripsi,Positive,"Shipping/Delivery,Customer Service"
"jam tangan bgs, packing aman pake bubble wrap.",5,2026-03-29 14:14:08,jam tangan bgs packing aman pake bubble wrap,jam tangan bagus pengemasan aman pakai bubble wrap,Positive,"Packaging/Condition,Product Quality"
"sepatu bagus, packing aman pake bubble wrap.",4,2026-08-09 12:14:08,sepatu bagus packing aman pake bubble wrap,sepatu bagus pengemasan aman pakai bubble wrap,Positive,"Packaging/Condition,Product Quality"
"tas bgs, packing aman pake bubble wrap.",5,2026-03-04 13:14:08,tas bgs packing aman pake bubble wrap,tas bagus pengemasan aman pakai bubble wrap,Positive,"Packaging/Condition,Product Quality"
"Bagus bgt, kurir juga ramah recommended seller.",5,2025-10-13 07:14:08,bagus bgt kurir juga ramah recommended seller,bagus banget kurir juga ramah recommended seller,Positive,"Shipping/Delivery,Product Quality,Customer Service"
"Admin ramah responnya cepat, jam tangan sesuai deskripsi.",5,2026-08-16 04:14:08,admin ramah responnya cepat jam tangan sesuai deskripsi,admin ramah responnya cepat jam tangan sesuai deskripsi,Positive,"Shipping/Delivery,Customer Service"
"hp bgs, packing aman pake bubble wrap.",5,2026-08-20 23:14:08,hp bgs packing aman pake bubble wrap,hp bagus pengemasan aman pakai bubble wrap,Positive,"Packaging/Condition,Product Quality"
"Kurir lambat, baju hancur pas sampai ga pake bubble wrap.",2,2026-02-09 13:14:08,kurir lambat baju hancur pas sampai ga pake bubble wrap,kurir lambat baju hancur pas sampai tidak pakai bubble wrap,Negative,"Shipping/Delivery,Packaging/Condition"
"baju cacat, packing rusak dan bocor.",1,2026-04-16 07:14:08,baju cacat packing rusak dan bocor,baju cacat pengemasan rusak dan bocor,Negative,"Packaging/Condition,Product Quality"
"baju sampai dengan selamat, original sih tapi pengiriman lambat.",3,2026-08-19 22:14:08,baju sampai dengan selamat original sih tapi pengiriman lambat,baju sampai dengan selamat original sih tapi pengiriman lambat,Neutral,"Shipping/Delivery,Product Quality"
"Pengiriman cepat banget, sepatu original.",5,2026-01-04 18:14:08,pengiriman cepat banget sepatu original,pengiriman cepat banget sepatu original,Positive,"Shipping/Delivery,Product Quality"
"Mantap, sepatu kualitasnya original juara.",5,2026-09-14 21:14:08,mantap sepatu kualitasnya original juara,mantap sepatu kualitasnya original juara,Positive,Product Quality
"Bagus bgt, abang kurir juga ramah recommended seller.",5,2026-05-31 20:14:08,bagus bgt abang kurir juga ramah recommended seller,bagus banget abang kurir juga ramah recommended seller,Positive,"Shipping/Delivery,Product Quality,Customer Service"
hp lumayan lah buat harga segini.,3,2026-04-16 02:14:08,hp lumayan lah buat harga segini,hp lumayan lah buat harga segini,Neutral,General
"Kecewa, jam tangan cacat tidak sesuai gambar.",1,2026-01-11 22:14:08,kecewa jam tangan cacat tidak sesuai gambar,kecewa jam tangan cacat tidak sesuai gambar,Negative,Product Quality
"Admin ramah responnya cepat, skincare sesuai deskripsi.",4,2026-06-09 09:14:08,admin ramah responnya cepat skincare sesuai deskripsi,admin ramah responnya cepat skincare sesuai deskripsi,Positive,"Shipping/Delivery,Customer Service"
"Bagus bgt, kurir juga ramah recommended seller.",5,2025-10-03 02:14:08,bagus bgt kurir juga ramah recommended seller,bagus banget kurir juga ramah recommended seller,Positive,"Shipping/Delivery,Product Quality,Customer Service"
"Bagus bgt, kurir juga ramah recommended seller.",5,2025-10-27 18:14:08,bagus bgt kurir juga ramah recommended seller,bagus banget kurir juga ramah recommended seller,Positive,"Shipping/Delivery,Product Quality,Customer Service"
"Kecewa, baju cacat tidak sesuai gambar.",1,2026-05-06 09:14:08,kecewa baju cacat tidak sesuai gambar,kecewa baju cacat tidak sesuai gambar,Negative,Product Quality
"Pengiriman cepat bgt, jam tangan original.",5,2026-06-13 03:14:08,pengiriman cepat bgt jam tangan original,pengiriman cepat banget jam tangan original,Positive,"Shipping/Delivery,Product Quality"
"Pengiriman cepat bgt, hp original.",5,2026-05-13 03:14:08,pengiriman cepat bgt hp original,pengiriman cepat banget hp original,Positive,"Shipping/Delivery,Product Quality"
"Pengirimannya lama bgt, abang kurir lambat, sepatu penyok.",1,2025-10-31 23:14:08,pengirimannya lama bgt abang kurir lambat sepatu penyok,pengiriman lama banget abang kurir lambat sepatu penyok,Negative,"Shipping/Delivery,Packaging/Condition"
"Mantap, tas kualitasnya original juara.",4,2026-03-26 21:14:08,mantap tas kualitasnya original juara,mantap tas kualitasnya original juara,Positive,Product Quality
"Pengiriman cepat bgt, tas original.",4,2025-09-22 12:14:08,pengiriman cepat bgt tas original,pengiriman cepat banget tas original,Positive,"Shipping/Delivery,Product Quality"
"skincare bagus, packing aman pake bubble wrap.",5,2026-05-16 17:14:08,skincare bagus packing aman pake bubble wrap,skincare bagus pengemasan aman pakai bubble wrap,Positive,"Packaging/Condition,Product Quality"
"hp bagus, packing aman pake bubble wrap.",5,2026-05-28 09:14:08,hp bagus packing aman pake bubble wrap,hp bagus pengemasan aman pakai bubble wrap,Positive,"Packaging/Condition,Product Quality"
"Bagus bgt, abang kurir juga ramah recommended seller.",5,2026-02-21 21:14:08,bagus bgt abang kurir juga ramah recommended seller,bagus banget abang kurir juga ramah recommended seller,Positive,"Shipping/Delivery,Product Quality,Customer Service"
"Gpp lah, agak lama tapi skincare masih utuh.",3,2026-04-23 06:14:08,gpp lah agak lama tapi skincare masih utuh,tidak apa-apa lah agak lama tapi skincare masih utuh,Neutral,"Shipping/Delivery,Product Quality"
"Pengiriman cepat banget, baju original.",4,2026-04-15 23:14:08,pengiriman cepat banget baju original,pengiriman cepat banget baju original,Positive,"Shipping/Delivery,Product Quality"
"sepatu sampai dengan selamat, original sih tapi pengirimannya lambat.",3,2026-01-11 11:14:08,sepatu sampai dengan selamat original sih tapi pengirimannya lambat,sepatu sampai dengan selamat original sih tapi pengiriman lambat,Neutral,"Shipping/Delivery,Product Quality"
"Bagus bgt, abang kurir juga ramah recommended seller.",5,2026-07-30 00:14:08,bagus bgt abang kurir juga ramah recommended seller,bagus banget abang kurir juga ramah recommended seller,Positive,"Shipping/Delivery,Product Quality,Customer Service"
"Pengiriman cepat bgt, tas original.",4,2026-02-20 02:14:08,pengiriman cepat bgt tas original,pengiriman cepat banget tas original,Positive,"Shipping/Delivery,Product Quality"
"Kurir lambat, skincare hancur pas sampai ga pake bubble wrap.",1,2025-12-15 14:14:08,kurir lambat skincare hancur pas sampai ga pake bubble wrap,kurir lambat skincare hancur pas sampai tidak pakai bubble wrap,Negative,"Shipping/Delivery,Packaging/Condition"
"Pengirimannya lama bgt, abang kurir lambat, sepatu penyok.",1,2025-12-07 08:14:08,pengirimannya lama bgt abang kurir lambat sepatu penyok,pengiriman lama banget abang kurir lambat sepatu penyok,Negative,"Shipping/Delivery,Packaging/Condition"
"Admin ramah responnya cepat, jam tangan sesuai deskripsi.",5,2026-09-14 22:14:08,admin ramah responnya cepat jam tangan sesuai deskripsi,admin ramah responnya cepat jam tangan sesuai deskripsi,Positive,"Shipping/Delivery,Customer Service"
"Kurir lambat, skincare hancur pas sampai ga pake bubble wrap.",1,2026-05-05 18:14:08,kurir lambat skincare hancur pas sampai ga pake bubble wrap,kurir lambat skincare hancur pas sampai tidak pakai bubble wrap,Negative,"Shipping/Delivery,Packaging/Condition"
"Admin ramah responnya cepat, sepatu sesuai deskripsi.",5,2025-11-30 17:14:08,admin ramah responnya cepat sepatu sesuai deskripsi,admin ramah responnya cepat sepatu sesuai deskripsi,Positive,"Shipping/Delivery,Customer Service"
"Biasa aja, pengiriman standar.",3,2026-09-19 19:14:08,biasa aja pengiriman standar,biasa aja pengiriman standar,Neutral,Shipping/Delivery
"Admin ramah responnya cepat, skincare sesuai deskripsi.",4,2026-07-20 21:14:08,admin ramah responnya cepat skincare sesuai deskripsi,admin ramah responnya cepat skincare sesuai deskripsi,Positive,"Shipping/Delivery,Customer Service"
"Biasa aja, pengiriman standar.",3,2025-10-17 06:14:08,biasa aja pengiriman standar,biasa aja pengiriman standar,Neutral,Shipping/Delivery
"Mantap, sepatu kualitasnya original juara.",4,2026-05-02 08:14:08,mantap sepatu kualitasnya original juara,mantap sepatu kualitasnya original juara,Positive,Product Quality
"baju bgs, packing aman pake bubble wrap.",5,2025-12-24 16:14:08,baju bgs packing aman pake bubble wrap,baju bagus pengemasan aman pakai bubble wrap,Positive,"Packaging/Condition,Product Quality"
"Bagus bgt, kurir juga ramah recommended seller.",4,2026-07-08 04:14:08,bagus bgt kurir juga ramah recommended seller,bagus banget kurir juga ramah recommended seller,Positive,"Shipping/Delivery,Product Quality,Customer Service"
"Bagus bgt, abang kurir juga ramah recommended seller.",5,2026-08-20 13:14:08,bagus bgt abang kurir juga ramah recommended seller,bagus banget abang kurir juga ramah recommended seller,Positive,"Shipping/Delivery,Product Quality,Customer Service"
"Kecewa, tas cacat tidak sesuai gambar.",1,2026-08-11 00:14:08,kecewa tas cacat tidak sesuai gambar,kecewa tas cacat tidak sesuai gambar,Negative,Product Quality
"Mantap, tas kualitasnya original juara.",5,2026-05-14 05:14:08,mantap tas kualitasnya original juara,mantap tas kualitasnya original juara,Positive,Product Quality
"Biasa aja, pengiriman standar.",3,2026-04-03 13:14:08,biasa aja pengiriman standar,biasa aja pengiriman standar,Neutral,Shipping/Delivery
"Pengiriman cepat bgt, sepatu original.",5,2026-05-07 15:14:08,pengiriman cepat bgt sepatu original,pengiriman cepat banget sepatu original,Positive,"Shipping/Delivery,Product Quality"
"sepatu cacat, packing rusak dan bocor.",2,2026-07-15 12:14:08,sepatu cacat packing rusak dan bocor,sepatu cacat pengemasan rusak dan bocor,Negative,"Packaging/Condition,Product Quality"
"Gpp lah, agak lama tapi baju masih utuh.",3,2026-02-21 18:14:08,gpp lah agak lama tapi baju masih utuh,tidak apa-apa lah agak lama tapi baju masih utuh,Neutral,"Shipping/Delivery,Product Quality"
"jam tangan bagus, packing aman pake bubble wrap.",5,2026-08-26 12:14:08,jam tangan bagus packing aman pake bubble wrap,jam tangan bagus pengemasan aman pakai bubble wrap,Positive,"Packaging/Condition,Product Quality"
"Mantap, sepatu kualitasnya original juara.",5,2026-08-02 02:14:08,mantap sepatu kualitasnya original juara,mantap sepatu kualitasnya original juara,Positive,Product Quality
"Gpp lah, agak lama tapi sepatu masih utuh.",3,2026-09-15 14:14:08,gpp lah agak lama tapi sepatu masih utuh,tidak apa-apa lah agak lama tapi sepatu masih utuh,Neutral,"Shipping/Delivery,Product Quality"
